0.09325360603379473,0.10881178445505188,0.0,0.0,-0.09325360603379473,-0.10881178445505188,-2.9316088557243347,2.5137578307287365,-2.918871110783187,2.498891056039333,-2.9316088557243347,2.5137578307287365
0.10860755713649643,0.1302720600709765,0.0,0.0,-0.10860755713649643,-0.1302720600709765,-2.8714168667793274,2.395962217635454,-2.854498462318504,2.375660244414276,-2.8714168667793274,2.395962217635454
0.0632432145880387,0.0700487022956169,0.0,0.0,-0.0632432145880387,-0.0700487022956169,-3.0,2.708948670232837,-2.9940024431504706,2.702305224719673,-3.0,2.708948670232837
0.08573866420759285,0.09872424773406666,0.0,0.0,-0.08573866420759285,-0.09872424773406666,-2.9196295738220215,2.536612420711212,-2.908904874570305,2.5242609401306195,-2.9196295738220215,2.536612420711212
0.07402169924316737,0.08351248113079446,0.0,0.0,-0.07402169924316737,-0.08351248113079446,-2.7592592239379883,2.4462927739736307,-2.7517033918151568,2.4377670987269826,-2.7592592239379883,2.4462927739736307
0.028466060313000814,0.029769411896371643,0.0,0.0,-0.028466060313000814,-0.029769411896371643,-3.0,2.8686915821391077,-2.99878460718979,2.8674205331193057,-3.0,2.8686915821391077
0.044690367867290144,0.04798735216712675,0.0,0.0,-0.044690367867290144,-0.04798735216712675,-3.0,2.7940264762840736,-2.997004655112085,2.7908100710976207,-3.0,2.7940264762840736
0.0026855524717470263,0.0026966941581767455,0.0,0.0,-0.0026855524717470263,-0.0026966941581767455,-2.6595654487609863,2.6485771901205237,-2.6595558581183196,2.648567559688628,-2.6595654487609863,2.6485771901205237
0.05876966372647223,0.06460338124529778,0.0,0.0,-0.05876966372647223,-0.06460338124529778,-2.9368486404418945,2.671970320344963,-2.9317783483774,2.666396395878428,-2.9368486404418945,2.671970320344963
0.0862352349989909,0.09938266920557909,0.0,0.0,-0.0862352349989909,-0.09938266920557909,-2.789715528488159,2.421646561434658,-2.7793490733295565,2.4096972029776267,-2.789715528488159,2.421646561434658
0.0003510912373453408,0.00035128097837346816,0.0,0.0,-0.0003510912373453408,-0.00035128097837346816,-3.0,2.998379579037775,-2.9999998151024165,2.9983793940402665,-3.0,2.998379579037775
-0.08873053428227476,-0.07809456269433095,0.0,0.0,0.08873053428227476,0.07809456269433095,-2.0350396758234326,2.3115148544311523,-2.0270338871431233,2.3044697480563485,-2.0350396758234326,2.3115148544311523
-0.06788907081729716,-0.06147704565736864,0.0,0.0,0.06788907081729716,0.06147704565736864,-2.7170300199274107,3.0,-2.7107711293139625,2.994332644569629,-2.7170300199274107,3.0
-0.0035392988677045724,-0.003520131566279582,0.0,0.0,0.0035392988677045724,0.003520131566279582,-2.7218612033437353,2.736681818962097,-2.7218441554786166,2.7366648634209834,-2.7218612033437353,2.736681818962097
0.07301339570639964,0.0822318928706029,0.0,0.0,-0.07301339570639964,-0.0822318928706029,-3.0,2.6643246622034806,-2.992007117826358,2.655321543382135,-3.0,2.6643246622034806
0.1598196266266898,0.21115650827136753,0.0,0.0,-0.1598196266266898,-0.21115650827136753,-3.0,2.2778684203287094,-2.961768012234985,2.227275083735546,-3.0,2.2778684203287094
0.23536428610188595,0.3631537689240284,0.0,0.0,-0.23536428610188595,-0.3631537689240284,-1.9894423484802246,1.3060276582757073,-1.9345923393679834,1.2208500750689673,-1.9894423484802246,1.3060276582757073
0.14537445280612207,0.18676922053064188,0.0,0.0,-0.14537445280612207,-0.18676922053064188,-3.0,2.340459289540771,-2.9683551927184606,2.299756995018461,-3.0,2.340459289540771
0.14433317093240167,0.18506169917725035,0.0,0.0,-0.14433317093240167,-0.18506169917725035,-3.0,2.345004689978646,-2.968806112860287,2.304963499012176,-3.0,2.345004689978646
0.10366593724855905,0.12323695474017227,0.0,0.0,-0.10366593724855905,-0.12323695474017227,-3.0,2.52544598088674,-2.9838944912589573,2.5062928275328367,-3.0,2.52544598088674
0.029884391158463454,0.031324098147280675,0.0,0.0,-0.029884391158463454,-0.031324098147280675,-3.0,2.8621571125936995,-2.9986604844429436,2.8607530543775166,-3.0,2.8621571125936995
-0.037323976331465,-0.03529800198736429,0.0,0.0,0.037323976331465,0.03529800198736429,-2.6995835100845564,2.854459583759308,-2.697703361535394,2.852681512933799,-2.6995835100845564,2.854459583759308
-0.28617465174424705,-0.19985171139966418,0.0,0.0,0.28617465174424705,0.19985171139966418,-1.5870073649260084,2.256591796875,-1.5224649316389254,2.211676655721732,-1.5870073649260084,2.256591796875
0.2253402871461465,0.34034037309478715,0.0,0.0,-0.2253402871461465,-0.34034037309478715,0.930784816371906,-1.3905571103096008,0.8773960239928235,-1.355401226782136,0.930784816371906,-1.3905571103096008
0.3696009783971967,0.7644391043700101,0.0,0.0,-0.3696009783971967,-0.7644391043700101,0.5211111789353056,-0.9984345138072968,0.37612277253829507,-0.9310117923915695,0.5211111789353056,-0.9984345138072968
0.2239209132129162,0.3371811499535319,0.0,0.0,-0.2239209132129162,-0.3371811499535319,1.3256807057063502,-1.9750691056251526,1.2510329095757617,-1.9257601043106196,1.3256807057063502,-1.9750691056251526
0.38763429599422755,0.8320654664502773,0.0,0.0,-0.38763429599422755,-0.8320654664502773,0.5024818573931064,-0.9827975034713745,0.3383462335980537,-0.9098797116159527,0.5024818573931064,-0.9827975034713745
0.3176572767130182,0.5870868267243952,0.0,0.0,-0.3176572767130182,-0.5870868267243952,0.6098130963681219,-1.0815027952194214,0.5077047273404585,-1.0273949453492532,0.6098130963681219,-1.0815027952194214
0.2879587483467877,0.49833882759088166,0.0,0.0,-0.2879587483467877,-0.49833882759088166,0.9061606377890328,-1.525076150894165,0.7959513504596913,-1.4622820237035474,0.9061606377890328,-1.525076150894165
0.5313499997628937,1.409222672133978,0.0,0.0,-0.5313499997628937,-1.409222672133978,0.2799750575948318,-0.5453517884016037,0.0450400252624508,-0.4701607641150422,0.2799750575948318,-0.5453517884016037
0.9151007005533605,-0.9151007005533605,0.0,0.0,-0.9151007005533605,0.9151007005533605,2.167939066886902,2.167939066886902,1.321815777947385,1.321815777947385,2.167939066886902,2.167939066886902
0.9151007005533605,-0.9151007005533605,0.0,0.0,-0.9151007005533605,0.9151007005533605,3.0,3.0,1.8291322825490774,1.8291322825490774,3.0,3.0
0.9151007005533605,-0.9151007005533605,0.0,0.0,-0.9151007005533605,0.9151007005533605,2.0524125695228577,2.0524125695228577,1.2513780293412535,1.2513780293412535,2.0524125695228577,2.0524125695228577
-0.3638105003190464,-0.23564715939137446,0.0,0.0,0.3638105003190464,0.23564715939137446,-1.0002984700180806,1.5245667099952698,-0.9348266257525494,1.4824329476644755,-1.0002984700180806,1.5245667099952698
-0.2711284983868688,-0.19230080488541676,0.0,0.0,0.2711284983868688,0.19230080488541676,-1.7625080030417037,2.4698533415794373,-1.6981223109541166,2.424326803689059,-1.7625080030417037,2.4698533415794373
-0.22712351579678414,-0.1688681621471763,0.0,0.0,0.22712351579678414,0.1688681621471763,-2.0075415715113714,2.6897048950195312,-1.955984169350515,2.651445517391505,-2.0075415715113714,2.6897048950195312
-0.036417118837430665,-0.03448581372262481,0.0,0.0,0.036417118837430665,0.03448581372262481,-2.8409661680134093,3.0,-2.839082522240246,2.998216269766617,-2.8409661680134093,3.0
0.16521881581083572,0.22061791470179648,0.0,0.0,-0.16521881581083572,-0.22061791470179648,-3.0,2.2547120800978364,-2.9591471721738443,2.2000633060717987,-3.0,2.2547120800978364
0.17408170721347857,0.2365756904438643,0.0,0.0,-0.17408170721347857,-0.2365756904438643,-2.876476228237152,2.125723478688192,-2.83300118360484,2.066514099283917,-2.876476228237152,2.125723478688192
0.19926514512932708,0.2849900493512167,0.0,0.0,-0.19926514512932708,-0.2849900493512167,-2.446826934814453,1.7227484679058884,-2.3984098729643546,1.6532604614734747,-2.446826934814453,1.7227484679058884
0.21764956796370663,0.3234289541182834,0.0,0.0,-0.21764956796370663,-0.3234289541182834,-2.195230543613434,1.4914991196087601,-2.143439977673212,1.4141666882189363,-2.195230543613434,1.4914991196087601
0.33749622798134554,0.6515647357395433,0.0,0.0,-0.33749622798134554,-0.6515647357395433,-1.217035710811615,0.6645298012308646,-1.1483786922590473,0.5283914800295314,-1.217035710811615,0.6645298012308646
0.9151007005533605,-0.9151007005533605,0.0,0.0,-0.9151007005533605,0.9151007005533605,-3.0,-3.0,-1.8291322825490774,-1.8291322825490774,-3.0,-3.0
0.9151007005533605,-0.9151007005533605,0.0,0.0,-0.9151007005533605,0.9151007005533605,-2.3284170627593994,-2.3284170627593994,-1.4196609389104393,-1.4196609389104393,-2.3284170627593994,-2.3284170627593994
-0.5943613218067254,-0.31996114603512543,0.0,0.0,0.5943613218067254,0.31996114603512543,1.31552454829216,-0.7389044620744166,1.2487585722022583,-0.6121870127361524,1.31552454829216,-0.7389044620744166
-0.5248866857638251,-0.29717516724421206,0.0,0.0,0.5248866857638251,0.29717516724421206,0.9925781786441803,-0.580000868308463,0.9490709673778976,-0.5019215751863938,0.9925781786441803,-0.580000868308463
-0.5940664734965886,-0.31986811135717474,0.0,0.0,0.5940664734965886,0.31986811135717474,1.3160748481750488,-0.7393285511855097,1.2493194488630053,-0.6126604164677608,1.3160748481750488,-0.7393285511855097
0.9151007005533605,-0.9151007005533605,0.0,0.0,-0.9151007005533605,0.9151007005533605,-2.2457197308540344,-2.2457197308540344,-1.3692394857541799,-1.3692394857541799,-2.2457197308540344,-2.2457197308540344
0.9151007005533605,-0.9151007005533605,0.0,0.0,-0.9151007005533605,0.9151007005533605,-2.8401136994361877,-2.8401136994361877,-1.7316478845828724,-1.7316478845828724,-2.8401136994361877,-2.8401136994361877
0.9151007005533605,-0.9151007005533605,0.0,0.0,-0.9151007005533605,0.9151007005533605,-2.977981925010681,-2.977981925010681,-1.8157076252948938,-1.8157076252948938,-2.977981925010681,-2.977981925010681
0.20874688380124073,0.304472621078072,0.0,0.0,-0.20874688380124073,-0.304472621078072,-2.20504492521286,1.5242685436326,-2.157176423514865,1.4541600988437424,-2.20504492521286,1.5242685436326
0.11998084414155041,0.14694595888989176,0.0,0.0,-0.11998084414155041,-0.14694595888989176,-2.941325068473816,2.4044674605334735,-2.9201796733160146,2.3785541689816156,-2.941325068473816,2.4044674605334735
-0.11120836605586336,-0.09501025267067041,0.0,0.0,0.11120836605586336,0.09501025267067041,-2.3332391341622634,2.7295074462890625,-2.3188260626183568,2.7171971497922853,-2.3332391341622634,2.7295074462890625
-0.1719286132735236,-0.13618675327580368,0.0,0.0,0.1719286132735236,0.13618675327580368,-2.3807092628088307,3.0,-2.3456096253351286,2.9722227238955425,-2.3807092628088307,3.0
-0.15381913474621747,-0.12453603803234381,0.0,0.0,0.15381913474621747,0.12453603803234381,-2.4321855497161886,3.0,-2.403469085078636,2.976766214313865,-2.4321855497161886,3.0
-0.12292112123850173,-0.10344203163432727,0.0,0.0,0.12292112123850173,0.10344203163432727,-2.4817115157424925,2.9468724131584167,-2.462986274445674,2.9311203250929485,-2.4817115157424925,2.9468724131584167
-0.16830866641863254,-0.13389743383739314,0.0,0.0,0.16830866641863254,0.13389743383739314,-2.3907871785870087,3.0,-2.3570041624527778,2.973147370804833,-2.3907871785870087,3.0
-0.20945077530408207,-0.15883440641760024,0.0,0.0,0.20945077530408207,0.15883440641760024,-2.282108478065891,3.0,-2.2322335872782935,2.96223693895561,-2.282108478065891,3.0
-0.5215091303715146,-0.29601950653239556,0.0,0.0,0.5215091303715146,0.29601950653239556,-0.8596808545588273,1.4681572616100311,-0.7454020470539398,1.4043001049901955,-0.8596808545588273,1.4681572616100311
0.33389283142125836,0.639546114223745,0.0,0.0,-0.33389283142125836,-0.639546114223745,0.3315517687702593,-0.603803426027298,0.26602610978408164,-0.5704576171763046,0.3315517687702593,-0.603803426027298
0.3810106380138144,0.8069041700646978,0.0,0.0,-0.3810106380138144,-0.8069041700646978,0.5202703260364722,-1.0103639960289001,0.35989044010951743,-0.9379100816174291,0.5202703260364722,-1.0103639960289001
0.34411122984562825,0.6739783559523357,0.0,0.0,-0.34411122984562825,-0.6739783559523357,0.5908224865703503,-1.0929920375347137,0.46163617580627997,-1.0289161007050867,0.5908224865703503,-1.0929920375347137
0.45276145057398837,1.093497033126132,0.0,0.0,-0.45276145057398837,-1.093497033126132,0.37062577212643333,-0.7525520324707031,0.17025880162590654,-0.6767267972694454,0.37062577212643333,-0.7525520324707031
0.3328256053165115,0.6360125462153153,0.0,0.0,-0.3328256053165115,-0.6360125462153153,0.6030698213649828,-1.0964266061782837,0.4851519797700392,-1.0362579489534571,0.6030698213649828,-1.0964266061782837
0.42869245358427027,0.9947490408313613,0.0,0.0,-0.42869245358427027,-0.9947490408313613,0.3544477123684588,-0.7150846123695374,0.19307240668820996,-0.6503766418536535,0.3544477123684588,-0.7150846123695374
0.3222156021206737,0.6015342463488399,0.0,0.0,-0.3222156021206737,-0.6015342463488399,0.6493430727881623,-1.1604185700416565,0.5353628073984185,-1.1006989447914748,0.6493430727881623,-1.1604185700416565
0.3672207375054703,0.7557274200732098,0.0,0.0,-0.3672207375054703,-0.7557274200732098,0.5605523703795351,-1.070787101984024,0.4079548005457192,-0.9993964064001465,0.5605523703795351,-1.070787101984024
0.42259529253196554,0.9700061813561054,0.0,0.0,-0.42259529253196554,-0.9700061813561054,0.4230606769592703,-0.8508989810943604,0.23915384518358215,-0.7760433630308796,0.4230606769592703,-0.8508989810943604
0.9151007005533605,-0.9151007005533605,0.0,0.0,-0.9151007005533605,0.9151007005533605,2.791056990623474,2.791056990623474,1.7017374813278914,1.7017374813278914,2.791056990623474,2.791056990623474
0.9151007005533605,-0.9151007005533605,0.0,0.0,-0.9151007005533605,0.9151007005533605,2.3419300317764282,2.3419300317764282,1.4278999415311502,1.4278999415311502,2.3419300317764282,2.3419300317764282
-0.7385921221990386,-0.362496187836589,0.0,0.0,0.7385921221990386,0.362496187836589,-0.4499782064032975,0.8543112874031067,-0.3327215991302982,0.7987934977666302,-0.4499782064032975,0.8543112874031067
-0.038353151871056104,-0.03621715347041881,0.0,0.0,0.038353151871056104,0.03621715347041881,-2.8329965019224623,3.0,-2.830913139021297,2.998032691746123,-2.8329965019224623,3.0
0.15080880755336867,0.1957891482662484,0.0,0.0,-0.15080880755336867,-0.1957891482662484,-3.0,2.31680827928576,-2.965949663540738,2.272544391122968,-3.0,2.31680827928576
0.17039158462093026,0.2298660989894451,0.0,0.0,-0.17039158462093026,-0.2298660989894451,-2.0927910804748535,1.5574958067914104,-2.0624842053565238,1.5165288586119465,-2.0927910804748535,1.5574958067914104
0.9151007005533605,-0.9151007005533605,0.0,0.0,-0.9151007005533605,0.9151007005533605,-2.345434606075287,-2.345434606075287,-1.4300367181933615,-1.4300367181933615,-2.345434606075287,-2.345434606075287
0.9151007005533605,-0.9151007005533605,0.0,0.0,-0.9151007005533605,0.9151007005533605,-3.0,-3.0,-1.8291322825490774,-1.8291322825490774,-3.0,-3.0
-0.6041920459642418,-0.3230466836311068,0.0,0.0,0.6041920459642418,0.3230466836311068,1.145553857088089,-0.6401442041184016,1.08629736799967,-0.5268139465693691,1.145553857088089,-0.6401442041184016
-1.0968901693873745,-0.45358440093518004,0.0,0.0,1.0968901693873745,0.45358440093518004,0.6059330999851227,-0.298399931311579,0.5446624963814176,-0.13617941222377233,0.6059330999851227,-0.298399931311579
0.39090382657022615,0.844614880764041,0.0,0.0,-0.39090382657022615,-0.844614880764041,-0.9296137690544128,0.47371679000777955,-0.859488408054809,0.31455708718818165,-0.9296137690544128,0.47371679000777955
0.16217493326302337,0.21526012663126978,0.0,0.0,-0.16217493326302337,-0.21526012663126978,-2.5150026082992554,1.9011324277508492,-2.482001856270235,1.857255933527384,-2.5150026082992554,1.9011324277508492
0.1579049552499772,0.207847399533438,0.0,0.0,-0.1579049552499772,-0.207847399533438,-3.0,2.2861125587531212,-2.9626766859882907,2.236909425298061,-3.0,2.2861125587531212
0.14615887823176962,0.18805992670886562,0.0,0.0,-0.14615887823176962,-0.18805992670886562,-2.9216058254241943,2.275967909818645,-2.890455057371668,2.2358398346163164,-2.9216058254241943,2.275967909818645
0.08334356087127764,0.09556441556231858,0.0,0.0,-0.08334356087127764,-0.09556441556231858,-3.0,2.617311665247679,-2.989586806019162,2.6053693833630263,-3.0,2.617311665247679
-0.040981124594258615,-0.038551795247228605,0.0,0.0,0.040981124594258615,0.038551795247228605,-2.724668128771614,2.8962689638137817,-2.7223804735161448,2.89411695364737,-2.724668128771614,2.8962689638137817
-0.5897385445923331,-0.31849915555921704,0.0,0.0,0.5897385445923331,0.31849915555921704,-0.7456068384468465,1.3242081105709076,-0.6196634901569081,1.2576090026699518,-0.7456068384468465,1.3242081105709076
0.3094260047390786,0.5615563567100816,0.0,0.0,-0.3094260047390786,-0.5615563567100816,0.7131880141103214,-1.2471615672111511,0.603661855108691,-1.187932012604769,0.7131880141103214,-1.2471615672111511
0.27735242361233853,0.4688754406289895,0.0,0.0,-0.27735242361233853,-0.4688754406289895,0.9724387169890392,-1.6048666834831238,0.8674902345837819,-1.543534683948844,0.9724387169890392,-1.6048666834831238
0.3148912276098275,0.5784273544642998,0.0,0.0,-0.3148912276098275,-0.5784273544642998,0.6989102111208141,-1.2337215542793274,0.5852139180097624,-1.1730595552301661,0.6989102111208141,-1.2337215542793274
0.3031059819078525,0.5424411652484662,0.0,0.0,-0.3031059819078525,-0.5424411652484662,0.6514755774179125,-1.126719743013382,0.5579569332274427,-1.0753570991353114,0.6514755774179125,-1.126719743013382
0.24808237092090904,0.3934019399476062,0.0,0.0,-0.24808237092090904,-0.3934019399476062,1.1911188412338247,-1.8595120310783386,1.1001296685506028,-1.8025831984704999,1.1911188412338247,-1.8595120310783386
0.37670740857497115,0.7907540405280253,0.0,0.0,-0.37670740857497115,-0.7907540405280253,0.4547933815076412,-0.8788794279098511,0.3198604968607903,-0.8172531837760094,0.4547933815076412,-0.8788794279098511
0.3199123949284166,0.5942068068877616,0.0,0.0,-0.3199123949284166,-0.5942068068877616,0.7067475729595095,-1.2581707835197449,0.5856059715454487,-1.194334937330488,0.7067475729595095,-1.2581707835197449
0.9151007005533605,-0.9151007005533605,0.0,0.0,-0.9151007005533605,0.9151007005533605,2.54986435174942,2.54986435174942,1.5546797339686464,1.5546797339686464,2.54986435174942,2.54986435174942
0.9151007005533605,-0.9151007005533605,0.0,0.0,-0.9151007005533605,0.9151007005533605,-1.7735885381698608,-1.7735885381698608,-1.0813760170418394,-1.0813760170418394,-1.7735885381698608,-1.7735885381698608
0.4689948412540828,1.1604147364781807,0.0,0.0,-0.4689948412540828,-1.1604147364781807,-0.42862991988658905,0.2112791858503825,-0.3823477728879458,0.0842917883544349,-0.42862991988658905,0.2112791858503825
0.5224129734521208,1.374995272089107,0.0,0.0,-0.5224129734521208,-1.374995272089107,-0.5649658441543579,0.2873940261524896,-0.48960939809382215,0.05591318188841096,-0.5649658441543579,0.2873940261524896
0.9151007005533605,-0.9151007005533605,0.0,0.0,-0.9151007005533605,0.9151007005533605,-3.0,-3.0,-1.8291322825490774,-1.8291322825490774,-3.0,-3.0
0.9151007005533605,-0.9151007005533605,0.0,0.0,-0.9151007005533605,0.9151007005533605,-2.5166112184524536,-2.5166112184524536,-1.5344049407655167,-1.5344049407655167,-2.5166112184524536,-2.5166112184524536
0.4134057603176465,0.9330340178787373,0.0,0.0,-0.4134057603176465,-0.9330340178787373,-0.8835268020629883,0.441780402414728,-0.8090966830250687,0.26303565628301573,-0.8835268020629883,0.441780402414728
0.3402602009775607,0.6608750099851356,0.0,0.0,-0.3402602009775607,-0.6608750099851356,-1.2024039030075073,0.6537568918189636,-1.133467514040677,0.5161119384577896,-1.2024039030075073,0.6537568918189636
0.5726837016611916,1.5582970890201566,0.0,0.0,-0.5726837016611916,-1.5582970890201566,-0.4573124349117279,0.247832172277288,-0.3843481141320704,0.0030976325903761775,-0.4573124349117279,0.247832172277288
0.9151007005533605,-0.9151007005533605,0.0,0.0,-0.9151007005533605,0.9151007005533605,-2.7013580203056335,-2.7013580203056335,-1.6470470538879665,-1.6470470538879665,-2.7013580203056335,-2.7013580203056335
0.5452351157332053,1.4610811715929104,0.0,0.0,-0.5452351157332053,-1.4610811715929104,-0.5144421458244324,0.26841342014421504,-0.43985080181106706,0.029389973918106035,-0.5144421458244324,0.26841342014421504
-0.7349627239784431,-0.3614879440268195,0.0,0.0,0.7349627239784431,0.3614879440268195,0.9396470189094543,-0.49558850738095944,0.8789191575971992,-0.3676551836898715,0.9396470189094543,-0.49558850738095944
-0.4637085132335303,-0.2754486253194404,0.0,0.0,0.4637085132335303,0.2754486253194404,1.2824752628803253,-0.7798587705929737,1.2341301493593873,-0.6975056470944507,1.2824752628803253,-0.7798587705929737
-0.66437177836164,-0.3412922865249542,0.0,0.0,0.66437177836164,0.3412922865249542,1.1969987154006958,-0.6497965782026042,1.127959321824809,-0.5115876269656843,1.1969987154006958,-0.6497965782026042
-0.41472764728255873,-0.2566886988786769,0.0,0.0,0.41472764728255873,0.2566886988786769,1.4315819442272186,-0.9019908143468207,1.384677521266349,-0.825525532027313,1.4315819442272186,-0.9019908143468207
-0.4149020211563214,-0.25675791316653573,0.0,0.0,0.4149020211563214,0.25675791316653573,1.651845395565033,-1.0406335790985133,1.5976952196251866,-0.9523418765922007,1.651845395565033,-1.0406335790985133
-0.837716786558633,-0.38910933476193404,0.0,0.0,0.837716786558633,0.38910933476193404,0.8141634464263916,-0.41563387866073015,0.7533025416045999,-0.278126091515364,0.8141634464263916,-0.41563387866073015
-1.2220417832273343,-0.4840272814901861,0.0,0.0,1.2220417832273343,0.4840272814901861,0.5537921190261841,-0.2742137625466228,0.49017692180872113,-0.0937064093236821,0.5537921190261841,-0.2742137625466228
0.37208152362252844,0.7735730761799756,0.0,0.0,-0.37208152362252844,-0.7735730761799756,-1.0490015745162964,0.5458312691503286,-0.9772211402470916,0.39049792315762155,-1.0490015745162964,0.5458312691503286
0.1429234765242335,0.1827605705876887,0.0,0.0,-0.1429234765242335,-0.1827605705876887,-3.0,2.3511650756704046,-2.9694114426900864,2.312008116125685,-3.0,2.3511650756704046
0.1267436601812416,0.15719143143390163,0.0,0.0,-0.1267436601812416,-0.15719143143390163,-3.0,2.422396568706353,-2.9759363059714747,2.392530466531087,-3.0,2.422396568706353
0.11569170633875782,0.14057731987065603,0.0,0.0,-0.11569170633875782,-0.14057731987065603,-2.387854814529419,1.9672384679474157,-2.3718924245452717,1.9478321919806179,-2.387854814529419,1.9672384679474157
0.06775536929245907,0.07562498968618422,0.0,0.0,-0.06775536929245907,-0.07562498968618422,-3.0,2.6883223563122174,-2.993116448914142,2.680638574707242,-3.0,2.6883223563122174
-0.007254156732987676,-0.007174093508458668,0.0,0.0,0.007254156732987676,0.007174093508458668,-2.9668899447921775,3.0,-2.9668118821213807,2.9999227989046116,-2.9668899447921775,3.0
-0.045323845612912,-0.04237123301201386,0.0,0.0,0.045323845612912,0.04237123301201386,-2.6605613627454936,2.8458380699157715,-2.657829100128064,2.8432838551110793,-2.6605613627454936,2.8458380699157715
0.028953591826394953,0.030303014187436517,0.0,0.0,-0.028953591826394953,-0.030303014187436517,-2.6161124110221863,2.499647724327364,-2.6150159303996126,2.4985001330547103,-2.6161124110221863,2.499647724327364
-0.8576921894279455,-0.3942884573454898,0.0,0.0,0.8576921894279455,0.3942884573454898,0.8150728046894073,-0.4139850393211637,0.7525323809690185,-0.2708226730618926,0.8150728046894073,-0.4139850393211637
-0.7864634718842876,-0.3755569535935502,0.0,0.0,0.7864634718842876,0.3755569535935502,1.0337549149990082,-0.5356594383210327,0.9617057957188152,-0.37836470117725995,1.0337549149990082,-0.5356594383210327
-0.5455070030061743,-0.304129109765166,0.0,0.0,0.5455070030061743,0.304129109765166,1.3009310066699982,-0.7508503290320515,1.2412288281851624,-0.6418751719844265,1.3009310066699982,-0.7508503290320515
-0.3281705371289914,-0.2198291366047748,0.0,0.0,0.3281705371289914,0.2198291366047748,2.022000253200531,-1.3680022671046659,1.9733402560819397,-1.2949968900094044,2.022000253200531,-1.3680022671046659
-0.24077852081783513,-0.1763669750546731,0.0,0.0,0.24077852081783513,0.1763669750546731,1.561164379119873,-1.1486793132672046,1.5369470000600947,-1.1155429292900396,1.561164379119873,-1.1486793132672046
-0.4066660219035138,-0.25346861155123585,0.0,0.0,0.4066660219035138,0.25346861155123585,1.808338701725006,-1.1464176535002,1.7505594711040313,-1.0529211926694466,1.808338701725006,-1.1464176535002
-0.7506111489351897,-0.36581611768962286,0.0,0.0,0.7506111489351897,0.36581611768962286,0.9609568119049072,-0.5039620090001823,0.8973723536850474,-0.36853338156440896,0.9609568119049072,-0.5039620090001823
-1.4425155080795324,-0.5402120386382063,0.0,0.0,1.4425155080795324,0.5402120386382063,0.5254586488008499,-0.27249174605958815,0.45063315087748895,-0.03485967212642671,0.5254586488008499,-0.27249174605958815
0.9151007005533605,-0.9151007005533605,0.0,0.0,-0.9151007005533605,0.9151007005533605,-2.7719247937202454,-2.7719247937202454,-1.6900723749972977,-1.6900723749972977,-2.7719247937202454,-2.7719247937202454
0.4219833678134217,0.9675315978375228,0.0,0.0,-0.4219833678134217,-0.9675315978375228,-0.8530300855636597,0.42426381128019675,-0.7782009266889036,0.2406992666892074,-0.8530300855636597,0.42426381128019675
0.13394034129201915,0.16837623235026938,0.0,0.0,-0.13394034129201915,-0.16837623235026938,-3.0,2.390598121917145,-2.973130183929091,2.356790714319795,-3.0,2.390598121917145
0.12249022222379377,0.15071817062606843,0.0,0.0,-0.12249022222379377,-0.15071817062606843,-3.0,2.4412709743712995,-2.9775223435761586,2.4135955081171026,-3.0,2.4412709743712995
0.18719941315355015,0.26120861476965457,0.0,0.0,-0.18719941315355015,-0.26120861476965457,-2.638420343399048,1.9013908130386048,-2.5923252907181644,1.8368929006185069,-2.638420343399048,1.9013908130386048
0.12203724063646135,0.1500346792146918,0.0,0.0,-0.12203724063646135,-0.1500346792146918,-2.8690693974494934,2.336650867854595,-2.847731248105983,2.31040068652684,-2.8690693974494934,2.336650867854595
0.06967029301628684,0.07801745936355817,0.0,0.0,-0.06967029301628684,-0.07801745936355817,-2.9024868607521057,2.592479672543215,-2.8954454470103053,2.5845938196018086,-2.9024868607521057,2.592479672543215
-0.046272100271932355,-0.04319891129315643,0.0,0.0,0.046272100271932355,0.04319891129315643,-2.800881590902004,3.0,-2.7978836319125735,2.997201216380133,-2.800881590902004,3.0
-0.10048211935224588,-0.08706251214622467,0.0,0.0,0.10048211935224588,0.08706251214622467,-2.562470815112329,2.9562029242515564,-2.549545502246483,2.945006166220417,-2.562470815112329,2.9562029242515564
-0.016314456700343247,-0.015915037141522453,0.0,0.0,0.016314456700343247,0.015915037141522453,0.9680856764316559,-0.9443864933041816,0.9679630765799329,-0.9442608164301434,0.9680856764316559,-0.9443864933041816
-0.0710456505461521,-0.06405499014045477,0.0,0.0,0.0710456505461521,0.06405499014045477,1.1136964559555054,-1.004270470436511,1.111412465523658,-1.001737016538919,1.1136964559555054,-1.004270470436511
-0.5123821822179884,-0.29287237407332983,0.0,0.0,0.5123821822179884,0.29287237407332983,0.6422891914844513,-0.37823410631578824,0.6149395940195338,-0.3296609439646466,0.6422891914844513,-0.37823410631578824
-0.33505756007748877,-0.2229624145205541,0.0,0.0,0.33505756007748877,0.2229624145205541,2.1301381587982178,-1.4324262495310618,2.0774101704746157,-1.3527710084004374,2.1301381587982178,-1.4324262495310618
-0.9624081819295958,-0.4207150925377993,0.0,0.0,0.9624081819295958,0.4207150925377993,0.8574655652046204,-0.42677674349594935,0.7826920987803248,-0.24392235397863352,0.8574655652046204,-0.42677674349594935
-0.40511984458999495,-0.2528464496612378,0.0,0.0,0.40511984458999495,0.2528464496612378,1.8141406774520874,-1.1514686728077899,1.7564587585450173,-1.0582632363173718,1.8141406774520874,-1.1514686728077899
0.9151007005533605,-0.9151007005533605,0.0,0.0,-0.9151007005533605,0.9151007005533605,-3.0,-3.0,-1.8291322825490774,-1.8291322825490774,-3.0,-3.0
0.9151007005533605,-0.9151007005533605,0.0,0.0,-0.9151007005533605,0.9151007005533605,-2.271654188632965,-2.271654188632965,-1.3850520037387957,-1.3850520037387957,-2.271654188632965,-2.271654188632965
0.3341818984481412,0.6405052603188964,0.0,0.0,-0.3341818984481412,-0.6405052603188964,-1.2347537577152252,0.6777014790283133,-1.1664458958531478,0.5433769229898769,-1.2347537577152252,0.6777014790283133
0.15045914651956743,0.1952032461216643,0.0,0.0,-0.15045914651956743,-0.1952032461216643,-2.7413545846939087,2.1184515575139433,-2.7103837467048444,2.0782184911391615,-2.7413545846939087,2.1184515575139433
-0.17986507644107633,-0.14113910182354533,0.0,0.0,0.17986507644107633,0.14113910182354533,-2.3589738656473593,3.0,-2.320918519782487,2.97016920000563,-2.3589738656473593,3.0
-0.2255096351884239,-0.1679675564880744,0.0,0.0,0.2255096351884239,0.1679675564880744,-2.2429765797000893,3.0,-2.1861850354203214,2.9577797538039645,-2.2429765797000893,3.0
-0.23306965356378861,-0.17215994427274142,0.0,0.0,0.23306965356378861,0.17215994427274142,-1.7482124911136017,2.356981873512268,-1.7009443161351379,2.3221387134648546,-1.7482124911136017,2.356981873512268
-0.5757217363864304,-0.3140216300334907,0.0,0.0,0.5757217363864304,0.3140216300334907,-0.7666482023851472,1.3512884080410004,-0.6430641890407001,1.285209106220531,-0.7666482023851472,1.3512884080410004
0.9151007005533605,-0.9151007005533605,0.0,0.0,-0.9151007005533605,0.9151007005533605,3.0,3.0,1.8291322825490774,1.8291322825490774,3.0,3.0
0.9151007005533605,-0.9151007005533605,0.0,0.0,-0.9151007005533605,0.9151007005533605,3.0,3.0,1.8291322825490774,1.8291322825490774,3.0,3.0
0.9151007005533605,-0.9151007005533605,0.0,0.0,-0.9151007005533605,0.9151007005533605,3.0,3.0,1.8291322825490774,1.8291322825490774,3.0,3.0
0.9151007005533605,-0.9151007005533605,0.0,0.0,-0.9151007005533605,0.9151007005533605,2.3739879727363586,2.3739879727363586,1.447446013105104,1.447446013105104,2.3739879727363586,2.3739879727363586
0.9151007005533605,-0.9151007005533605,0.0,0.0,-0.9151007005533605,0.9151007005533605,2.467856526374817,2.467856526374817,1.5046786803638688,1.5046786803638688,2.467856526374817,2.467856526374817
-0.5227805325210573,-0.29645509100624157,0.0,0.0,0.5227805325210573,0.29645509100624157,-0.835380633514047,1.42777419090271,-0.7238023804383148,1.3654919345370475,-0.835380633514047,1.42777419090271
-0.21309501670138614,-0.16093486381798297,0.0,0.0,0.21309501670138614,0.16093486381798297,-2.051303464465498,2.7073073387145996,-2.004905122777044,2.6723232727848267,-2.051303464465498,2.7073073387145996
-0.0376279257663532,-0.035569743234780314,0.0,0.0,0.0376279257663532,0.035569743234780314,-2.835976397026096,3.0,-2.8339689599955857,2.998102390134357,-2.835976397026096,3.0
-0.2255096351884239,-0.1679675564880744,0.0,0.0,0.2255096351884239,0.1679675564880744,-2.2429765797000893,3.0,-2.1861850354203214,2.9577797538039645,-2.2429765797000893,3.0
-0.2255096351884239,-0.1679675564880744,0.0,0.0,0.2255096351884239,0.1679675564880744,-2.2429765797000893,3.0,-2.1861850354203214,2.9577797538039645,-2.2429765797000893,3.0
-0.24235610410231134,-0.177219651781772,0.0,0.0,0.24235610410231134,0.177219651781772,-2.068854365087732,2.816357910633087,-2.008392566269573,2.7722471385303815,-2.068854365087732,2.816357910633087
-0.18807199169400501,-0.14616619989728008,0.0,0.0,0.18807199169400501,0.14616619989728008,-2.337006041501218,3.0,-2.2957965184986393,2.968010177936942,-2.337006041501218,3.0
0.4414712648348273,1.0470205930058356,0.0,0.0,-0.4414712648348273,-1.0470205930058356,0.26196303740952387,-0.530913457274437,0.13102166256484915,-0.48001160632585643,0.26196303740952387,-0.530913457274437
0.9151007005533605,-0.9151007005533605,0.0,0.0,-0.9151007005533605,0.9151007005533605,3.0,3.0,1.8291322825490774,1.8291322825490774,3.0,3.0
0.24948048189666097,0.3968185706412821,0.0,0.0,-0.24948048189666097,-0.3968185706412821,1.1793015220403538,-1.846021056175232,1.0876641774814924,-1.7888697613107878,1.1793015220403538,-1.846021056175232
0.4549869249727284,1.1026737439748229,0.0,0.0,-0.4549869249727284,-1.1026737439748229,0.3220995065513323,-0.6541055738925934,0.14533504743109413,-0.5875613037705476,0.3220995065513323,-0.6541055738925934
0.4381166526278815,1.0332545012129828,0.0,0.0,-0.4381166526278815,-1.0332545012129828,0.3573273001249793,-0.7234989702701569,0.18296088349383602,-0.6551661205039646,0.3573273001249793,-0.7234989702701569
0.2992946083265702,0.5311174501849371,0.0,0.0,-0.2992946083265702,-0.5311174501849371,0.8416885019465674,-1.445881873369217,0.7257388604967893,-1.381604773827811,0.8416885019465674,-1.445881873369217
0.9151007005533605,-0.9151007005533605,0.0,0.0,-0.9151007005533605,0.9151007005533605,2.641565501689911,2.641565501689911,1.6105909118696549,1.6105909118696549,2.641565501689911,2.641565501689911
0.29176780361270294,0.5092033730823606,0.0,0.0,-0.29176780361270294,-0.5092033730823606,0.8322780918987436,-1.4104864597320557,0.7266895719243494,-1.3508748886467792,0.8322780918987436,-1.4104864597320557
0.9151007005533605,-0.9151007005533605,0.0,0.0,-0.9151007005533605,0.9151007005533605,2.5866150856018066,2.5866150856018066,1.57708705186757,1.57708705186757,2.5866150856018066,2.5866150856018066
0.3561580790634157,0.7159396009617901,0.0,0.0,-0.3561580790634157,-0.7159396009617901,0.5009637522431218,-0.942983865737915,0.37796557340933035,-0.88380533188206,0.5009637522431218,-0.942983865737915
0.2726656342127437,0.45622135711210127,0.0,0.0,-0.2726656342127437,-0.45622135711210127,0.8311346501140134,-1.3596900701522827,0.7461292050754572,-1.3094583120195578,0.8311346501140134,-1.3596900701522827
0.26982344278138726,0.44865525612136203,0.0,0.0,-0.26982344278138726,-0.44865525612136203,0.8496219219670976,-1.3825231790542603,0.7655358643656937,-1.3325006904183438,0.8496219219670976,-1.3825231790542603
0.3693396853369132,0.7634802234557212,0.0,0.0,-0.3693396853369132,-0.7634802234557212,0.5531793456254177,-1.0595305860042572,0.39963558144057043,-0.9880821181487408,0.5531793456254177,-1.0595305860042572
0.9151007005533605,-0.9151007005533605,0.0,0.0,-0.9151007005533605,0.9151007005533605,3.0,3.0,1.8291322825490774,1.8291322825490774,3.0,3.0
0.36293736764202067,0.7401832973859551,0.0,0.0,-0.36293736764202067,-0.7401832973859551,0.5740195627446257,-1.0904461741447449,0.4238244459926951,-1.0194123607816392,0.5740195627446257,-1.0904461741447449
0.9151007005533605,-0.9151007005533605,0.0,0.0,-0.9151007005533605,0.9151007005533605,3.0,3.0,1.8291322825490774,1.8291322825490774,3.0,3.0
0.9151007005533605,-0.9151007005533605,0.0,0.0,-0.9151007005533605,0.9151007005533605,2.9997645020484924,2.9997645020484924,1.8289886969138849,1.8289886969138849,2.9997645020484924,2.9997645020484924
-1.494867687010097,-0.554542574757811,0.0,0.0,1.494867687010097,0.554542574757811,-0.2611355790610396,0.49450381100177765,-0.019808623199690706,0.42039815650976,-0.2611355790610396,0.49450381100177765
-0.19702501163387026,-0.15154486028577388,0.0,0.0,0.19702501163387026,0.15154486028577388,-2.134200529227669,2.767359137535095,-2.092910746717922,2.7356425371145794,-2.134200529227669,2.767359137535095
0.1679675564880744,0.2255096351884239,0.0,0.0,-0.1679675564880744,-0.2255096351884239,-3.0,2.2429765797000893,-2.9577797538039645,2.1861850354203214,-3.0,2.2429765797000893
0.16918315730062786,0.22768929143954658,0.0,0.0,-0.16918315730062786,-0.22768929143954658,-2.9747371673583984,2.2189541412161793,-2.9322657544422017,2.1616842324057086,-2.9747371673583984,2.2189541412161793
0.16861416018239772,0.22666778592526451,0.0,0.0,-0.16861416018239772,-0.22666778592526451,-2.9865172505378723,2.2301532319647275,-2.9441632992261897,2.1731073794897644,-2.9865172505378723,2.2301532319647275
0.1399456256062446,0.17793911117964492,0.0,0.0,-0.1399456256062446,-0.17793911117964492,-2.778661608695984,2.1897738790641417,-2.7514962522209676,2.155198582909866,-2.778661608695984,2.1897738790641417
0.3630653812371878,0.7406453425192812,0.0,0.0,-0.3630653812371878,-0.7406453425192812,-0.9807050228118896,0.5161639245650047,-0.9167753861614734,0.380946143077204,-0.9807050228118896,0.5161639245650047
-1.2683069962778446,-0.4954324397601389,0.0,0.0,1.2683069962778446,0.4954324397601389,0.6078634411096573,-0.3027302541420707,0.5347758891471104,-0.09018256676504294,0.6078634411096573,-0.3027302541420707
-0.37634458530720033,-0.2409874416071768,0.0,0.0,0.37634458530720033,0.2409874416071768,1.595657229423523,-1.0361850282007403,1.5495471776107959,-0.963666889800308,1.595657229423523,-1.0361850282007403
-0.40774581706467244,-0.25390222880752367,0.0,0.0,0.40774581706467244,0.25390222880752367,1.804311454296112,-1.1429143066632692,1.7464645439919328,-1.0492147976903399,1.804311454296112,-1.1429143066632692
-0.36925900691767033,-0.23798212078408526,0.0,0.0,0.36925900691767033,0.23798212078408526,1.823116958141327,-1.1907904300253027,1.7717335956252998,-1.1105252536726546,1.823116958141327,-1.1907904300253027
-0.3193440706027371,-0.21575696420967466,0.0,0.0,0.3193440706027371,0.21575696420967466,2.198916435241699,-1.4995012414333126,2.1479337176026103,-1.4236887788762524,2.198916435241699,-1.4995012414333126
-0.6145269989625215,-0.3262569255277133,0.0,0.0,0.6145269989625215,0.3262569255277133,1.2789891958236694,-0.710952863693087,1.211520764267828,-0.5808813765407076,1.2789891958236694,-0.710952863693087
-0.7760877386511409,-0.3727617988538208,0.0,0.0,0.7760877386511409,0.3727617988538208,1.0459958910942078,-0.5438173878434098,0.974162209163831,-0.38810044691783,1.0459958910942078,-0.5438173878434098
-0.8042295120827305,-0.380300871457014,0.0,0.0,0.8042295120827305,0.380300871457014,0.9455276727676392,-0.48727127235254647,0.8779725516124376,-0.33800371932204526,0.9455276727676392,-0.48727127235254647
0.9151007005533605,-0.9151007005533605,0.0,0.0,-0.9151007005533605,0.9151007005533605,-3.0,-3.0,-1.8291322825490774,-1.8291322825490774,-3.0,-3.0
0.45810657922775516,1.1155400860139701,0.0,0.0,-0.45810657922775516,-1.1155400860139701,-0.6596002578735352,0.32478895912423306,-0.591589845818868,0.14280725982302336,-0.6596002578735352,0.32478895912423306
0.25856248509624863,0.41946465421399964,0.0,0.0,-0.25856248509624863,-0.41946465421399964,-1.761863350868225,1.1061237293946722,-1.7032964348350874,1.0102306580772955,-1.761863350868225,1.1061237293946722
0.1679675564880744,0.2255096351884239,0.0,0.0,-0.1679675564880744,-0.2255096351884239,-3.0,2.2429765797000893,-2.9577797538039645,2.1861850354203214,-3.0,2.2429765797000893
0.177695182954452,0.24323814748825462,0.0,0.0,-0.177695182954452,-0.24323814748825462,-2.5847575664520264,1.8969977882483078,-2.5440572233476426,1.8411561821190736,-2.5847575664520264,1.8969977882483078
0.1679675564880744,0.2255096351884239,0.0,0.0,-0.1679675564880744,-0.2255096351884239,-3.0,2.2429765797000893,-2.9577797538039645,2.1861850354203214,-3.0,2.2429765797000893
0.20753439745117905,0.30194117723450525,0.0,0.0,-0.20753439745117905,-0.30194117723450525,-2.328223943710327,1.6132052403680488,-2.2782647295688183,1.5402255008543866,-2.328223943710327,1.6132052403680488
-0.09729959114437431,-0.08466126469635119,0.0,0.0,0.09729959114437431,0.08466126469635119,-2.3254738267225274,2.6715983748435974,-2.314474633430019,2.6620297117963303,-2.3254738267225274,2.6715983748435974
-0.27663039735615547,-0.19508753841646662,0.0,0.0,0.27663039735615547,0.19508753841646662,-1.781916441531989,2.5105149149894714,-1.7141700975858138,2.462892213889988,-1.781916441531989,2.5105149149894714
0.9151007005533605,-0.9151007005533605,0.0,0.0,-0.9151007005533605,0.9151007005533605,2.104152739048004,2.104152739048004,1.282924567468923,1.282924567468923,2.104152739048004,2.104152739048004
0.9151007005533605,-0.9151007005533605,0.0,0.0,-0.9151007005533605,0.9151007005533605,2.7882444262504578,2.7882444262504578,1.7000226305640804,1.7000226305640804,2.7882444262504578,2.7882444262504578
0.28151858819180214,0.48031106134982904,0.0,0.0,-0.28151858819180214,-0.48031106134982904,0.9456765252503111,-1.572827160358429,0.8386743973695613,-1.5109122842689622,0.9456765252503111,-1.572827160358429
0.26316172619459277,0.43123624360172047,0.0,0.0,-0.26316172619459277,-0.43123624360172047,1.071304823821808,-1.7214125990867615,0.9732265472649667,-1.6621483757631426,1.071304823821808,-1.7214125990867615
0.33663700331139373,0.6486866347209308,0.0,0.0,-0.33663700331139373,-0.6486866347209308,0.6275745254962266,-1.1478237211704254,0.5001002966676672,-1.083397349339935,0.6275745254962266,-1.1478237211704254
0.42277087168309585,0.9707165199128097,0.0,0.0,-0.42277087168309585,-0.9707165199128097,0.23396805511563723,-0.47062352299690247,0.1321237117971982,-0.429187750061079,0.23396805511563723,-0.47062352299690247
-0.09833793965651945,-0.08544691679006924,0.0,0.0,0.09833793965651945,0.08544691679006924,1.9893772602081299,-1.7292748478716942,1.9821192814574289,-1.7209202369586394,1.9893772602081299,-1.7292748478716942
0.9151007005533605,-0.9151007005533605,0.0,0.0,-0.9151007005533605,0.9151007005533605,-2.9869174361228943,-2.9869174361228943,-1.8211557025737024,-1.8211557025737024,-2.9869174361228943,-2.9869174361228943
0.9151007005533605,-0.9151007005533605,0.0,0.0,-0.9151007005533605,0.9151007005533605,-2.9885551929473877,-2.9885551929473877,-1.8221542605332508,-1.8221542605332508,-2.9885551929473877,-2.9885551929473877
0.9151007005533605,-0.9151007005533605,0.0,0.0,-0.9151007005533605,0.9151007005533605,-2.8966280221939087,-2.8966280221939087,-1.7661052753103876,-1.7661052753103876,-2.8966280221939087,-2.8966280221939087
0.9151007005533605,-0.9151007005533605,0.0,0.0,-0.9151007005533605,0.9151007005533605,-2.624287962913513,-2.624287962913513,-1.6000566105566874,-1.6000566105566874,-2.624287962913513,-2.624287962913513
0.3928555308596067,0.852145257520981,0.0,0.0,-0.3928555308596067,-0.852145257520981,-0.8866768777370453,0.4509727427790729,-0.8191295234775162,0.296906896936847,-0.8866768777370453,0.4509727427790729
0.2535131539867687,0.40677685892994847,0.0,0.0,-0.2535131539867687,-0.40677685892994847,-1.8079243898391724,1.1460571385452187,-1.750138201587846,1.052539828268864,-1.8079243898391724,1.1460571385452187
0.16976964682870377,0.22874451739387047,0.0,0.0,-0.16976964682870377,-0.22874451739387047,0.8060292946115125,-1.0817719101905823,0.7850337221424508,-1.0662200461472666,0.8060292946115125,-1.0817719101905823
0.47749338361296717,1.195325202158611,0.0,0.0,-0.47749338361296717,-1.195325202158611,0.3200596755968561,-0.6479379236698151,0.11736936320581026,-0.5754658325267658,0.3200596755968561,-0.6479379236698151
0.3753156080603902,0.7855648579917472,0.0,0.0,-0.3753156080603902,-0.7855648579917472,0.5363564841341301,-1.0348049998283386,0.379198080985913,-0.9627742696086149,0.5363564841341301,-1.0348049998283386
0.36635294174446603,0.7525643361627508,0.0,0.0,-0.36635294174446603,-0.7525643361627508,0.5176542420430905,-0.9877461791038513,0.37785576827595063,-0.922199317744521,0.5176542420430905,-0.9877461791038513
0.3797056196370453,0.8019896757540284,0.0,0.0,-0.3797056196370453,-0.8019896757540284,0.5238904418500001,-1.0159030258655548,0.364249511832554,-0.9435441005969228,0.5238904418500001,-1.0159030258655548
0.9151007005533605,-0.9151007005533605,0.0,0.0,-0.9151007005533605,0.9151007005533605,2.639506459236145,2.639506459236145,1.6093354915285476,1.6093354915285476,2.639506459236145,2.639506459236145
0.9151007005533605,-0.9151007005533605,0.0,0.0,-0.9151007005533605,0.9151007005533605,2.955572783946991,2.955572783946991,1.8020445308469635,1.8020445308469635,2.955572783946991,2.955572783946991
-0.3906546649867577,-0.24695268343825505,0.0,0.0,0.3906546649867577,0.24695268343825505,-1.2007798573383905,1.870522141456604,-1.110313061615348,1.8137739414501033,-1.2007798573383905,1.870522141456604
-0.10964684878552369,-0.0938669249654886,0.0,0.0,0.10964684878552369,0.0938669249654886,-2.550459166282191,2.9776203632354736,-2.535143159902448,2.964512086310642,-2.550459166282191,2.9776203632354736
0.1620662074430288,0.215069889407042,0.0,0.0,-0.1620662074430288,-0.215069889407042,-3.0,2.268216565126015,-2.9606879754132387,2.2159602149110444,-3.0,2.268216565126015
0.4060883268027606,0.9039201171315863,0.0,0.0,-0.4060883268027606,-0.9039201171315863,-0.9105015993118286,0.4577305106181288,-0.8364532646575368,0.2831220972612105,-0.9105015993118286,0.4577305106181288
0.9151007005533605,-0.9151007005533605,0.0,0.0,-0.9151007005533605,0.9151007005533605,-2.6801463961601257,-2.6801463961601257,-1.6341140983913511,-1.6341140983913511,-2.6801463961601257,-2.6801463961601257
-0.9415520965282781,-0.4155323918695621,0.0,0.0,0.9415520965282781,0.4155323918695621,0.8758553266525269,-0.4373218629318916,0.8013213834694985,-0.25737874461207355,0.8758553266525269,-0.4373218629318916
0.9151007005533605,-0.9151007005533605,0.0,0.0,-0.9151007005533605,0.9151007005533605,-3.0,-3.0,-1.8291322825490774,-1.8291322825490774,-3.0,-3.0
-1.3127835049025558,-0.506543306080276,0.0,0.0,1.3127835049025558,0.506543306080276,0.6043784916400909,-0.3032569000901419,0.5284847320097774,-0.07737892647599312,0.6043784916400909,-0.3032569000901419
-0.9604117801067228,-0.4202203941476863,0.0,0.0,0.9604117801067228,0.4202203941476863,0.8592024743556976,-0.4277640394471256,0.7844510429470968,-0.2451869088796476,0.8592024743556976,-0.4277640394471256
0.277557531497811,0.4694342991201323,0.0,0.0,-0.277557531497811,-0.4694342991201323,-1.298908531665802,0.7867482981076979,-1.2491961340518847,0.7016412846115346,-1.298908531665802,0.7867482981076979
0.33065992802975896,0.6288786979630069,0.0,0.0,-0.33065992802975896,-0.6288786979630069,-0.8973749577999115,0.49528951507402613,-0.8487626240354341,0.40053449391455276,-0.8973749577999115,0.49528951507402613
0.34109117221540103,0.6636895293742369,0.0,0.0,-0.34109117221540103,-0.6636895293742369,-1.1980495154857635,0.650565660126779,-1.1290301374875609,0.5124666700729907,-1.1980495154857635,0.650565660126779
0.28046232782334213,0.47739498948138726,0.0,0.0,-0.28046232782334213,-0.47739498948138726,-1.5808625221252441,0.9523701871356244,-1.5190943798323726,0.8458902968605659,-1.5808625221252441,0.9523701871356244
0.22424680835898717,0.3379049844980265,0.0,0.0,-0.22424680835898717,-0.3379049844980265,-1.8188239932060242,1.2200360161980415,-1.7732840459837913,1.1510445127357696,-1.8188239932060242,1.2200360161980415
0.21673790074744187,0.32145751948535056,0.0,0.0,-0.21673790074744187,-0.32145751948535056,-2.206715762615204,1.5019577278470062,-2.1550877547774747,1.4250213296848429,-2.206715762615204,1.5019577278470062
0.9151007005533605,-0.9151007005533605,0.0,0.0,-0.9151007005533605,0.9151007005533605,-3.0,-3.0,-1.8291322825490774,-1.8291322825490774,-3.0,-3.0
-0.5123547075891737,-0.29286284612326113,0.0,0.0,0.5123547075891737,0.29286284612326113,1.3572156429290771,-0.799256950051723,1.2994271823138321,-0.6966264227910529,1.3572156429290771,-0.799256950051723
-0.4411861054217207,-0.266987485550115,0.0,0.0,0.4411861054217207,0.266987485550115,1.421544224023819,-0.878292143300987,1.3711789892618271,-0.7941919973922207,1.421544224023819,-0.878292143300987
-0.3950170030645163,-0.24874420413404888,0.0,0.0,0.3950170030645163,0.24874420413404888,1.755366861820221,-1.1229773820482194,1.7013407887810774,-1.0364969177887218,1.755366861820221,-1.1229773820482194
-0.44098280812695545,-0.2669098693103742,0.0,0.0,0.44098280812695545,0.2669098693103742,1.6894547939300537,-1.0439722492079888,1.6296320926831582,-0.9440981484390468,1.6894547939300537,-1.0439722492079888
-0.4103282671079403,-0.25493635989222974,0.0,0.0,0.4103282671079403,0.25493635989222974,1.7947610020637512,-1.1346150249571536,1.73675315387714,-1.0404305444535134,1.7947610020637512,-1.1346150249571536
-0.5793273505254388,-0.3151799202416121,0.0,0.0,0.5793273505254388,0.3151799202416121,1.2347326576709747,-0.6991395091534623,1.173910494057376,-0.5850616765761949,1.2347326576709747,-0.6991395091534623
-0.6210406874451628,-0.32826304797882094,0.0,0.0,0.6210406874451628,0.32826304797882094,1.267631471157074,-0.7023479419088152,1.1999447211164715,-0.5712008565916086,1.267631471157074,-0.7023479419088152
0.40611512472858935,0.9040261528211068,0.0,0.0,-0.40611512472858935,-0.9040261528211068,-0.8141655921936035,0.4092914876051708,-0.7479433541621839,0.25312678907905145,-0.8141655921936035,0.4092914876051708
0.1531257928880899,0.1996910260874053,0.0,0.0,-0.1531257928880899,-0.1996910260874053,-3.0,2.3067617688870294,-2.964897406844692,2.2609216022483394,-3.0,2.3067617688870294
0.050529736285419825,0.054784660894862953,0.0,0.0,-0.050529736285419825,-0.054784660894862953,-2.8749282360076904,2.651841135159433,-2.871258805489277,2.647862566680735,-2.8749282360076904,2.651841135159433
0.022268620058786995,0.02305845401318013,0.0,0.0,-0.022268620058786995,-0.02305845401318013,-3.0,2.8972566318156936,-2.999256193579048,2.8964864414186877,-3.0,2.8972566318156936
-0.019343755056896457,-0.01878479436324215,0.0,0.0,0.019343755056896457,0.01878479436324215,-2.9133217983442057,3.0,-2.9127767607121995,2.9994707128154356,-2.9133217983442057,3.0
-0.08227983770396007,-0.07305120908535644,0.0,0.0,0.08227983770396007,0.07305120908535644,-2.664152238954327,3.0,-2.6551392078851954,2.991998840394807,-2.664152238954327,3.0
0.002227425392245818,0.002235084585936232,0.0,0.0,-0.002227425392245818,-0.002235084585936232,-3.0,2.9897196092040685,-2.9999925578672597,2.9897121414808936,-3.0,2.9897196092040685
0.0921180997694086,0.1072704793259471,0.0,0.0,-0.0921180997694086,-0.1072704793259471,-3.0,2.5775365513917197,-2.9872803819787466,2.5627209669246866,-3.0,2.5775365513917197
0.15412996990854186,0.20139266190930424,0.0,0.0,-0.15412996990854186,-0.20139266190930424,-3.0,2.3024147576591227,-2.964436416451182,2.255880533953082,-3.0,2.3024147576591227
-0.5627770821030931,-0.30982491986459665,0.0,0.0,0.5627770821030931,0.30982491986459665,1.206111878156662,-0.6892375009962963,1.1486852310842726,-0.5829410178226936,1.206111878156662,-0.6892375009962963
-1.0076465191284276,-0.431856845083351,0.0,0.0,1.0076465191284276,0.431856845083351,0.6724628359079361,-0.33286663208994105,0.610724102711261,-0.17770160020109935,0.6724628359079361,-0.33286663208994105
-0.3744784374317924,-0.24019930295776792,0.0,0.0,0.3744784374317924,0.24019930295776792,1.9384574890136719,-1.2607104429849334,1.88280550021335,-1.1733413552635565,1.9384574890136719,-1.2607104429849334
-0.506761987973287,-0.2909164566924535,0.0,0.0,0.506761987973287,0.2909164566924535,1.5038352012634277,-0.8887331135337166,1.4406461669769899,-0.7770377165606653,1.5038352012634277,-0.8887331135337166
-0.4913831919848013,-0.2854919962241657,0.0,0.0,0.4913831919848013,0.2854919962241657,1.3697198331356049,-0.8175415438582715,1.3142779685029427,-0.7208108858371648,1.3697198331356049,-0.8175415438582715
-0.7799077231486985,-0.37379305531133816,0.0,0.0,0.7799077231486985,0.37379305531133816,0.9037039875984192,-0.46925525791828177,0.8413023368769804,-0.3336303671989967,0.9037039875984192,-0.46925525791828177
-0.4749492879203573,-0.2795732430281264,0.0,0.0,0.4749492879203573,0.2795732430281264,1.587671935558319,-0.9580522121851994,1.526027853760168,-0.8520110778419018,1.587671935558319,-0.9580522121851994
-1.0479902121245326,-0.441707316781615,0.0,0.0,1.0479902121245326,0.441707316781615,0.6638626009225845,-0.32754305834707165,0.6001471472607516,-0.16354663106549383,0.6638626009225845,-0.32754305834707165
0.9151007005533605,-0.9151007005533605,0.0,0.0,-0.9151007005533605,0.9151007005533605,-2.6512808203697205,-2.6512808203697205,-1.6165144462138188,-1.6165144462138188,-2.6512808203697205,-2.6512808203697205
0.23103575029993303,0.3531936892070068,0.0,0.0,-0.23103575029993303,-0.3531936892070068,-2.036862552165985,1.3484185916610982,-1.982742594744767,1.2651845078629367,-2.036862552165985,1.3484185916610982
0.10679818708663288,0.1276817362531526,0.0,0.0,-0.10679818708663288,-0.1276817362531526,-3.0,2.5113724379901625,-2.982907476355822,2.4909292512626906,-3.0,2.5113724379901625
-0.03691948828790897,-0.03493600377595911,0.0,0.0,0.03691948828790897,0.03493600377595911,-2.8388936587773017,3.0,-2.8369591034978625,2.998169399662638,-2.8388936587773017,3.0
-0.23009397989264202,-0.17051776900547866,0.0,0.0,0.23009397989264202,0.17051776900547866,-2.1733163177826653,2.9209644198417664,-2.116038491035978,2.878601782182969,-2.1733163177826653,2.9209644198417664
-0.2255096351884239,-0.1679675564880744,0.0,0.0,0.2255096351884239,0.1679675564880744,-2.2429765797000893,3.0,-2.1861850354203214,2.9577797538039645,-2.2429765797000893,3.0
-0.2298839487317519,-0.17040147073910225,0.0,0.0,0.2298839487317519,0.17040147073910225,-2.1952394544459475,2.9497761726379395,-2.137488951017958,2.9070538732590148,-2.1952394544459475,2.9497761726379395
-0.21382513958782826,-0.16135369285914838,0.0,0.0,0.21382513958782826,0.16135369285914838,-2.0971859362180765,2.7700552940368652,-2.0494254066659314,2.7340742452315725,-2.0971859362180765,2.7700552940368652
-0.1880648851288356,-0.14616188728517107,0.0,0.0,0.1880648851288356,0.14616188728517107,-2.101928214507881,2.69821035861969,-2.064866721760652,2.669440296963558,-2.101928214507881,2.69821035861969
-0.1537291197815694,-0.12447686654312501,0.0,0.0,0.1537291197815694,0.12447686654312501,-2.432448142550098,3.0,-2.403762114858455,2.9767882589518138,-2.432448142550098,3.0
0.05145434047621562,0.05587304292119571,0.0,0.0,-0.05145434047621562,-0.05587304292119571,-2.6455754041671753,2.436543502574874,-2.642074031312812,2.432741294865333,-2.6455754041671753,2.436543502574874
0.21359869218088642,0.314722258436722,0.0,0.0,-0.21359869218088642,-0.314722258436722,-2.247001826763153,1.53872291353798,-2.195937362727789,1.4631445233447513,-2.247001826763153,1.53872291353798
0.17786391809507365,0.24355151338879605,0.0,0.0,-0.17786391809507365,-0.24355151338879605,-2.618164300918579,1.9208953016958599,-2.5768597999354053,1.8642051609186936,-2.618164300918579,1.9208953016958599
0.16194606961323516,0.21485977561649688,0.0,0.0,-0.16194606961323516,-0.21485977561649688,-3.0,2.268732113833992,-2.960746109532156,2.216565570753875,-3.0,2.268732113833992
0.18723943286308958,0.2612856789493448,0.0,0.0,-0.18723943286308958,-0.2612856789493448,-2.3205671310424805,1.672199560161018,-2.2800079113869427,1.6154428604302355,-2.3205671310424805,1.672199560161018
0.21731076202006405,0.32269548853988317,0.0,0.0,-0.21731076202006405,-0.32269548853988317,-1.88710355758667,1.2829926921465853,-1.8427203749328414,1.2167698185104314,-1.88710355758667,1.2829926921465853
-0.2510167388732834,-0.18185173928111092,0.0,0.0,0.2510167388732834,0.18185173928111092,-1.8237279785182532,2.5047894716262817,-1.7665730288840191,2.4634867208734965,-1.8237279785182532,2.5047894716262817
-0.24385516468519233,-0.17802731842784592,0.0,0.0,0.24385516468519233,0.17802731842784592,-2.0545598005379366,2.801223635673523,-1.9937743672133943,2.7569501465254453,-2.0545598005379366,2.801223635673523
-0.2080792431652898,-0.15803955295794367,0.0,0.0,0.2080792431652898,0.15803955295794367,-1.8584708935407712,2.4394370913505554,-1.818382767812406,2.4090361455975984,-1.8584708935407712,2.4394370913505554
-0.26396151270275825,-0.18862519432337727,0.0,0.0,0.26396151270275825,0.18862519432337727,-1.8790033932486951,2.6145190000534058,-1.8139221751163914,2.5681451491648857,-1.8790033932486951,2.6145190000534058
-0.23239771093335213,-0.17179001872101216,0.0,0.0,0.23239771093335213,0.17179001872101216,-1.982598078651904,2.6711021661758423,-1.9292998400158734,2.631784473196909,-1.982598078651904,2.6711021661758423
-0.23712569535707922,-0.17438190648847146,0.0,0.0,0.23712569535707922,0.17438190648847146,-2.120189415267516,2.870632231235504,-2.0608605603689845,2.827096124945186,-2.120189415267516,2.870632231235504
-0.2200655076878525,-0.1649065992273392,0.0,0.0,0.2200655076878525,0.1649065992273392,-2.0516906020295416,2.7282546758651733,-2.0022102906498334,2.6912423335530247,-2.0516906020295416,2.7282546758651733
-0.17555910807020284,-0.13846345814799027,0.0,0.0,0.17555910807020284,0.13846345814799027,-2.370705705410213,3.0,-2.3342656822041215,2.971287723101103,-2.370705705410213,3.0
-0.27290822875250464,-0.1932055286817329,0.0,0.0,0.27290822875250464,0.1932055286817329,-1.809472197072365,2.540094494819641,-1.7425056318659151,2.4928329843211694,-1.809472197072365,2.540094494819641
-0.23148385948766773,-0.17128607628236564,0.0,0.0,0.23148385948766773,0.17128607628236564,-2.1782427960449953,2.931872606277466,-2.120142605648275,2.8889686687818816,-2.1782427960449953,2.931872606277466
-0.22736728614260815,-0.16900392737828557,0.0,0.0,0.22736728614260815,0.16900392737828557,-2.2224732224624915,2.9784393310546875,-2.165273917123843,2.936004897882072,-2.2224732224624915,2.9784393310546875
-0.22569971114881257,-0.16807378631620878,0.0,0.0,0.22569971114881257,0.16807378631620878,-2.240862730505038,2.9977778792381287,-2.184029428642909,2.955535650514341,-2.240862730505038,2.9977778792381287
-0.17444671364008427,-0.13776790444219825,0.0,0.0,0.17444671364008427,0.13776790444219825,-2.3002466961486174,2.9070927500724792,-2.2653352075870465,2.879548054315953,-2.3002466961486174,2.9070927500724792
-0.2255096351884239,-0.1679675564880744,0.0,0.0,0.2255096351884239,0.1679675564880744,-2.2429765797000893,3.0,-2.1861850354203214,2.9577797538039645,-2.2429765797000893,3.0
-0.22368292601256112,-0.166944451223762,0.0,0.0,0.22368292601256112,0.166944451223762,-2.247340328767085,3.0,-2.1913525843195183,2.9582913303968024,-2.247340328767085,3.0
-0.2738045249369257,-0.1936599668380881,0.0,0.0,0.2738045249369257,0.1936599668380881,-1.802765772382966,2.532900094985962,-1.7356111923184474,2.485551180725395,-1.802765772382966,2.532900094985962
-0.26390467900019143,-0.18859583797598473,0.0,0.0,0.26390467900019143,0.18859583797598473,-1.879460697386141,2.615007519721985,-1.814391506339441,2.56863939731914,-1.879460697386141,2.615007519721985
-0.2255096351884239,-0.1679675564880744,0.0,0.0,0.2255096351884239,0.1679675564880744,-2.2429765797000893,3.0,-2.1861850354203214,2.9577797538039645,-2.2429765797000893,3.0
-0.22126675256968206,-0.1655850628667601,0.0,0.0,0.22126675256968206,0.1655850628667601,-2.2531463017042554,3.0,-2.198215098392857,2.95896626576221,-2.2531463017042554,3.0
-0.256576182895534,-0.18478239003714744,0.0,0.0,0.256576182895534,0.18478239003714744,-1.9401853079673672,2.6797712445259094,-1.8766723891762846,2.6341515047605246,-1.9401853079673672,2.6797712445259094
-0.32842451586366994,-0.21994536456061614,0.0,0.0,0.32842451586366994,0.21994536456061614,-1.465585152611166,2.166723132133484,-1.387252108698009,2.1145254088932375,-1.465585152611166,2.166723132133484
-0.4921610519033541,-0.2857689686210049,0.0,0.0,0.4921610519033541,0.2857689686210049,-0.919351365294701,1.5410774946212769,-0.8102370012643434,1.4785793552517892,-0.919351365294701,1.5410774946212769
0.4022390250265894,0.8887364971576077,0.0,0.0,-0.4022390250265894,-0.8887364971576077,0.4665138222360369,-0.9250632226467133,0.2940872141434719,-0.8512309375715348,0.4665138222360369,-0.9250632226467133
0.22265512288985487,0.33437841469359075,0.0,0.0,-0.22265512288985487,-0.33437841469359075,1.1741660421756104,-1.7450425028800964,1.1091342515389968,-1.7019654021738115,1.1741660421756104,-1.7450425028800964
0.29380721463942083,0.5150824824891759,0.0,0.0,-0.29380721463942083,-0.5150824824891759,0.872120729321536,-1.48347669839859,0.7589648907709794,-1.4199071285130793,0.872120729321536,-1.48347669839859
0.15668124302530873,0.20574495109966817,0.0,0.0,-0.15668124302530873,-0.20574495109966817,2.009510796000422,-2.6309496760368347,1.967128334998761,-2.5987220792056758,2.009510796000422,-2.6309496760368347
0.20382634350157605,0.2942728717889711,0.0,0.0,-0.20382634350157605,-0.2942728717889711,1.6611337722246993,-2.380233585834503,1.58972710398101,-2.330960913237493,1.6611337722246993,-2.380233585834503
0.21903101638525674,0.3264295943943333,0.0,0.0,-0.21903101638525674,-0.3264295943943333,1.4532804825808703,-2.1447222232818604,1.3765375014522507,-2.093481489503312,1.4532804825808703,-2.1447222232818604
0.2912739995042186,0.5077863844598464,0.0,0.0,-0.2912739995042186,-0.5077863844598464,0.8566627261925259,-1.4505107402801514,0.7485715978779413,-1.3894134799871476,0.8566627261925259,-1.4505107402801514
0.19585441046106417,0.27815486117890936,0.0,0.0,-0.19585441046106417,-0.27815486117890936,1.3450772110904432,-1.8978672623634338,1.2933774421871727,-1.8615833716797816,1.3450772110904432,-1.8978672623634338
0.1968747654434486,0.28019023784884195,0.0,0.0,-0.1968747654434486,-0.28019023784884195,1.592626095496262,-2.2515857219696045,1.530518212960225,-2.2080911175775055,1.592626095496262,-2.2515857219696045
0.23285724958762882,0.35736465985867155,0.0,0.0,-0.23285724958762882,-0.35736465985867155,1.3303639124851214,-2.0166966319084167,1.246314094912057,-1.962268072584501,1.3303639124851214,-2.0166966319084167
0.19196083113516355,0.27046132175313636,0.0,0.0,-0.19196083113516355,-0.27046132175313636,1.6419876609536488,-2.2994567155838013,1.582297706471492,-2.257220356993165,1.6419876609536488,-2.2994567155838013
0.23578062200907818,0.3641206029919154,0.0,0.0,-0.23578062200907818,-0.3641206029919154,1.2738004176188,-1.9419159293174744,1.190286623065999,-1.8881875483280204,1.2738004176188,-1.9419159293174744
0.2696642619881012,0.44823389564020355,0.0,0.0,-0.2696642619881012,-0.44823389564020355,1.024459732681559,-1.6665229797363281,0.9232573430680339,-1.6062954957392874,1.024459732681559,-1.6665229797363281
0.2661058327797249,0.4388803348280666,0.0,0.0,-0.2661058327797249,-0.4388803348280666,0.9743605677990932,-1.5744051933288574,0.8820184735082306,-1.5189897248858846,0.9743605677990932,-1.5744051933288574
0.43968768401493413,1.0396981767252584,0.0,0.0,-0.43968768401493413,-1.0396981767252584,0.39177892277436344,-0.7936249673366547,0.1984283956030318,-0.7181390482569923,0.39177892277436344,-0.7936249673366547
0.9151007005533605,-0.9151007005533605,0.0,0.0,-0.9151007005533605,0.9151007005533605,3.0,3.0,1.8291322825490774,1.8291322825490774,3.0,3.0
-0.22911858310330238,-0.16997723689510635,0.0,0.0,0.22911858310330238,0.16997723689510635,-2.2034566694583533,2.9584277272224426,-2.145873648181653,2.91579269444494,-2.2034566694583533,2.9584277272224426
0.02199051502352367,0.022760406663208815,0.0,0.0,-0.02199051502352367,-0.022760406663208815,-2.519639253616333,2.4344241233553285,-2.5190300511260157,2.43379359077265,-2.519639253616333,2.4344241233553285
0.10404524973160154,0.1237725748798348,0.0,0.0,-0.10404524973160154,-0.1237725748798348,-2.9190516471862793,2.4556428201353513,-2.9032659242078127,2.4368570265421017,-2.9190516471862793,2.4556428201353513
0.1407651828893079,0.17926074903800537,0.0,0.0,-0.1407651828893079,-0.17926074903800537,-2.560371994972229,2.0146814112127696,-2.5350471771921406,1.982397696386384,-2.560371994972229,2.0146814112127696
0.15945623243816695,0.21052661747364038,0.0,0.0,-0.15945623243816695,-0.21052661747364038,-2.965488016605377,2.2532092612356993,-2.9278671520547044,2.2034606550535814,-2.965488016605377,2.2532092612356993
0.11221538104749701,0.135487510608436,0.0,0.0,-0.11221538104749701,-0.135487510608436,-3.0,2.487093226997018,-2.9811313747932253,2.464300507963869,-3.0,2.487093226997018
0.11897972514216917,0.14545060075255342,0.0,0.0,-0.11897972514216917,-0.14545060075255342,-3.0,2.4568913393870266,-2.9787907753516927,2.430948279350121,-3.0,2.4568913393870266
0.1033928055741543,0.1228517184219846,0.0,0.0,-0.1033928055741543,-0.1228517184219846,-2.729859173297882,2.2991550687163267,-2.715280971188558,2.281826828763318,-2.729859173297882,2.2991550687163267
-0.010816302276442416,-0.010639266721597334,0.0,0.0,0.010816302276442416,0.010639266721597334,-2.325910787367258,2.3646120429039,-2.3257747317570114,2.3644782142227867,-2.325910787367258,2.3646120429039
-0.24290967720336354,-0.17751819767283644,0.0,0.0,0.24290967720336354,0.17751819767283644,-2.063554484561146,2.810747802257538,-2.0029731186481285,2.7665768399179105,-2.063554484561146,2.810747802257538
-0.2832323290409235,-0.19839233502136622,0.0,0.0,0.2832323290409235,0.19839233502136622,-1.5307522372372493,2.1704678535461426,-1.469762700796207,2.1278934860847984,-1.5307522372372493,2.1704678535461426
0.9151007005533605,-0.9151007005533605,0.0,0.0,-0.9151007005533605,0.9151007005533605,2.79794579744339,2.79794579744339,1.7059376609754087,1.7059376609754087,2.79794579744339,2.79794579744339
0.26004477449656754,0.4232360196225165,0.0,0.0,-0.26004477449656754,-0.4232360196225165,1.0487727734100767,-1.675242304801941,0.9562339311750215,-1.6189180895531095,1.0487727734100767,-1.675242304801941
0.295789985847767,0.5208399960411542,0.0,0.0,-0.295789985847767,-0.5208399960411542,0.8609606127895642,-1.4697362780570984,0.7467985237152601,-1.4059088111557743,0.8609606127895642,-1.4697362780570984
0.29683290005767815,0.5238849089488335,0.0,0.0,-0.29683290005767815,-0.5238849089488335,0.8551655788152606,-1.4625805020332336,0.7404727396844342,-1.3986184025505735,0.8551655788152606,-1.4625805020332336
0.9151007005533605,-0.9151007005533605,0.0,0.0,-0.9151007005533605,0.9151007005533605,3.0,3.0,1.8291322825490774,1.8291322825490774,3.0,3.0
0.9151007005533605,-0.9151007005533605,0.0,0.0,-0.9151007005533605,0.9151007005533605,2.3933604955673218,2.3933604955673218,1.4592576487399485,1.4592576487399485,2.3933604955673218,2.3933604955673218
0.9151007005533605,-0.9151007005533605,0.0,0.0,-0.9151007005533605,0.9151007005533605,3.0,3.0,1.8291322825490774,1.8291322825490774,3.0,3.0
0.45037367889183016,1.0836546115997627,0.0,0.0,-0.45037367889183016,-1.0836546115997627,0.3743239915581157,-0.7598875164985657,0.17522181304396967,-0.6841149544051597,0.3743239915581157,-0.7598875164985657
-0.2321361674908414,-0.17164588968691605,0.0,0.0,0.2321361674908414,0.17164588968691605,-1.5729635682413294,2.1186304092407227,-1.530772242787548,2.087497085802478,-1.5729635682413294,2.1186304092407227
0.1640268341015814,0.21851244584657484,0.0,0.0,-0.1640268341015814,-0.21851244584657484,-2.248226523399353,1.6935234626101165,-2.2180502267117266,1.6532531645548303,-2.248226523399353,1.6935234626101165
0.1679675564880744,0.2255096351884239,0.0,0.0,-0.1679675564880744,-0.2255096351884239,-3.0,2.2429765797000893,-2.9577797538039645,2.1861850354203214,-3.0,2.2429765797000893
0.1999189419869026,0.2863105993325351,0.0,0.0,-0.1999189419869026,-0.2863105993325351,-2.437097489833832,1.7137298576003324,-2.388557035267419,1.6439679317437952,-2.437097489833832,1.7137298576003324
0.15932157739306962,0.21029343197849887,0.0,0.0,-0.15932157739306962,-0.21029343197849887,-2.9058297872543335,2.208441588342234,-2.8690278634505795,2.159788966052194,-2.9058297872543335,2.208441588342234
0.15032389458704457,0.19497681984868073,0.0,0.0,-0.15032389458704457,-0.19497681984868073,-3.0,2.318913742907736,-2.9661678716094935,2.274975338243199,-3.0,2.318913742907736
0.13311049090642535,0.16707136827198293,0.0,0.0,-0.13311049090642535,-0.16707136827198293,-3.0,2.394255718741658,-2.973461615370703,2.3609181317466486,-3.0,2.394255718741658
0.15297236120328914,0.1994315920379721,0.0,0.0,-0.15297236120328914,-0.1994315920379721,-3.0,2.307426346013276,-2.964967579871617,2.2616916438732164,-3.0,2.307426346013276
0.16083340934837312,0.21291833026773338,0.0,0.0,-0.16083340934837312,-0.21291833026773338,-2.9118404388427734,2.2066995255263984,-2.874260701521678,2.156868710652145,-2.9118404388427734,2.2066995255263984
0.1679675564880744,0.2255096351884239,0.0,0.0,-0.1679675564880744,-0.2255096351884239,-3.0,2.2429765797000893,-2.9577797538039645,2.1861850354203214,-3.0,2.2429765797000893
0.17182936437111615,0.232469134400311,0.0,0.0,-0.17182936437111615,-0.232469134400311,-2.92096745967865,2.167895459505779,-2.8779521880256818,2.1095801998042263,-2.92096745967865,2.167895459505779
0.16936636810928207,0.22801867582153615,0.0,0.0,-0.16936636810928207,-0.22801867582153615,-2.970960795879364,2.21536498908885,-2.9284516006875028,2.1580228825936243,-2.970960795879364,2.21536498908885
0.17058302068729297,0.23021186320221546,0.0,0.0,-0.17058302068729297,-0.23021186320221546,-2.7658790946006775,2.057670864171467,-2.7257350219753453,2.0033855418600846,-2.7658790946006775,2.057670864171467
0.1679675564880744,0.2255096351884239,0.0,0.0,-0.1679675564880744,-0.2255096351884239,-3.0,2.2429765797000893,-2.9577797538039645,2.1861850354203214,-3.0,2.2429765797000893
0.1679675564880744,0.2255096351884239,0.0,0.0,-0.1679675564880744,-0.2255096351884239,-3.0,2.2429765797000893,-2.9577797538039645,2.1861850354203214,-3.0,2.2429765797000893
0.16337568296314187,0.21736628944437023,0.0,0.0,-0.16337568296314187,-0.21736628944437023,-2.774674415588379,2.0926609143810597,-2.7377264398717363,2.043418128927663,-2.774674415588379,2.0926609143810597
0.1619632822595761,0.21488987363180556,0.0,0.0,-0.1619632822595761,-0.21488987363180556,-3.0,2.2686582448907915,-2.9607377830378807,2.216478840868785,-3.0,2.2686582448907915
0.1668633550444573,0.22353843583213792,0.0,0.0,-0.1668633550444573,-0.22353843583213792,-3.0,2.247686439761318,-2.958331747940367,2.1917620907294695,-3.0,2.247686439761318
0.15162197166400762,0.1971546823349088,0.0,0.0,-0.15162197166400762,-0.1971546823349088,-3.0,2.3132797857535268,-2.965582179001951,2.268466668829375,-3.0,2.3132797857535268
0.17019853151736783,0.22951766929187878,0.0,0.0,-0.17019853151736783,-0.22951766929187878,-2.953909456729889,2.199164917379669,-2.9112288900141343,2.141494549450964,-2.953909456729889,2.199164917379669
0.15742721016629882,0.20702543618224908,0.0,0.0,-0.15742721016629882,-0.20702543618224908,-3.0,2.288172199717271,-2.962901723509968,2.239312090517379,-3.0,2.288172199717271
0.10742350324069594,0.1285750531685398,0.0,0.0,-0.10742350324069594,-0.1285750531685398,-3.0,2.508565850100872,-2.982706925924657,2.487859166080593,-3.0,2.508565850100872
0.062269885443808196,0.06885694616734359,0.0,0.0,-0.062269885443808196,-0.06885694616734359,-2.675419807434082,2.419829599391947,-2.6702344614589344,2.4140953219054246,-2.675419807434082,2.419829599391947
-0.054602021352518466,-0.05037430166660464,0.0,0.0,0.054602021352518466,0.05037430166660464,-2.7679210777894037,3.0,-2.7637959895240143,2.9961944494371804,-2.7679210777894037,3.0
-0.1019883312492727,-0.08819199436101154,0.0,0.0,0.1019883312492727,0.08819199436101154,-2.2946461528634723,2.652448832988739,-2.2827224753774895,2.6421403718133,-2.2946461528634723,2.652448832988739
-0.2255096351884239,-0.1679675564880744,0.0,0.0,0.2255096351884239,0.1679675564880744,-2.2429765797000893,3.0,-2.1861850354203214,2.9577797538039645,-2.2429765797000893,3.0
-0.15408109798111855,-0.12470816734347884,0.0,0.0,0.15408109798111855,0.12470816734347884,-2.2489631057608057,2.7748741507530212,-2.22231958094691,2.7533245034510663,-2.2489631057608057,2.7748741507530212
-0.19313379837861078,-0.14922044124812855,0.0,0.0,0.19313379837861078,0.14922044124812855,-2.3237085255096077,3.0,-2.280505133714832,2.9666618198530257,-2.3237085255096077,3.0
0.07097740471559459,0.07965952522852796,0.0,0.0,-0.07097740471559459,-0.07965952522852796,-2.568817377090454,2.289340193743493,-2.5623495092985222,2.2820803696736864,-2.568817377090454,2.289340193743493
0.1824913514242399,0.25222475302675484,0.0,0.0,-0.1824913514242399,-0.25222475302675484,-2.7199662923812866,1.9779688324259577,-2.6748002032559364,1.915385130383992,-2.7199662923812866,1.9779688324259577
0.15521086208252285,0.203231487315513,0.0,0.0,-0.15521086208252285,-0.203231487315513,-3.0,2.2977405370479715,-2.9639368677010687,2.2504518060405387,-3.0,2.2977405370479715
0.16815024266036424,0.22583656122184886,0.0,0.0,-0.16815024266036424,-0.22583656122184886,-2.955727994441986,2.2091090623306573,-2.9140404862701415,2.1530134295365904,-2.955727994441986,2.2091090623306573
0.1224065839631582,0.15059188631325382,0.0,0.0,-0.1224065839631582,-0.15059188631325382,-2.8899062275886536,2.352039472293728,-2.8682829771935974,2.325420158214562,-2.8899062275886536,2.352039472293728
0.17733553018062892,0.2425708943693997,0.0,0.0,-0.17733553018062892,-0.2425708943693997,-2.814178168773651,2.066795013241273,-2.7700440282140804,2.0062868138432406,-2.814178168773651,2.066795013241273
0.1661894176660919,0.22233939206746317,0.0,0.0,-0.1661894176660919,-0.22233939206746317,-2.8720192909240723,2.154554391425456,-2.8324494506876405,2.1015184293437508,-2.8720192909240723,2.154554391425456
0.0,0.0,0.0,0.0,0.0,0.0,-0.0,0.0,-0.0,0.0,-0.0,0.0
0.0,0.0,0.0,0.0,0.0,0.0,-0.0,0.0,-0.0,0.0,-0.0,0.0
0.0,0.0,0.0,0.0,0.0,0.0,-0.0,0.0,-0.0,0.0,-0.0,0.0
0.0,0.0,0.0,0.0,0.0,0.0,-0.0,0.0,-0.0,0.0,-0.0,0.0
0.0,0.0,0.0,0.0,0.0,0.0,-0.0,0.0,-0.0,0.0,-0.0,0.0
0.0,0.0,0.0,0.0,0.0,0.0,-0.0,0.0,-0.0,0.0,-0.0,0.0
0.0,0.0,0.0,0.0,0.0,0.0,-0.0,0.0,-0.0,0.0,-0.0,0.0
0.0,0.0,0.0,0.0,0.0,0.0,-0.0,0.0,-0.0,0.0,-0.0,0.0
0.0,0.0,0.0,0.0,0.0,0.0,-0.0,0.0,-0.0,0.0,-0.0,0.0
0.0,0.0,0.0,0.0,0.0,0.0,-0.0,0.0,-0.0,0.0,-0.0,0.0
0.0,0.0,0.0,0.0,0.0,0.0,-0.0,0.0,-0.0,0.0,-0.0,0.0
0.0,0.0,0.0,0.0,0.0,0.0,-0.0,0.0,-0.0,0.0,-0.0,0.0
0.0,0.0,0.0,0.0,0.0,0.0,-0.0,0.0,-0.0,0.0,-0.0,0.0
0.0,0.0,0.0,0.0,0.0,0.0,-0.0,0.0,-0.0,0.0,-0.0,0.0
0.0,0.0,0.0,0.0,0.0,0.0,-0.0,0.0,-0.0,0.0,-0.0,0.0
0.0,0.0,0.0,0.0,0.0,0.0,-0.0,0.0,-0.0,0.0,-0.0,0.0
0.0,0.0,0.0,0.0,0.0,0.0,-0.0,0.0,-0.0,0.0,-0.0,0.0
0.0,0.0,0.0,0.0,0.0,0.0,-0.0,0.0,-0.0,0.0,-0.0,0.0
0.0,0.0,0.0,0.0,0.0,0.0,-0.0,0.0,-0.0,0.0,-0.0,0.0
0.0,0.0,0.0,0.0,0.0,0.0,-0.0,0.0,-0.0,0.0,-0.0,0.0
0.0,0.0,0.0,0.0,0.0,0.0,-0.0,0.0,-0.0,0.0,-0.0,0.0
0.0,0.0,0.0,0.0,0.0,0.0,-0.0,0.0,-0.0,0.0,-0.0,0.0
0.0,0.0,0.0,0.0,0.0,0.0,-0.0,0.0,-0.0,0.0,-0.0,0.0
0.0,0.0,0.0,0.0,0.0,0.0,-0.0,0.0,-0.0,0.0,-0.0,0.0
0.0,0.0,0.0,0.0,0.0,0.0,-0.0,0.0,-0.0,0.0,-0.0,0.0
0.0,0.0,0.0,0.0,0.0,0.0,-0.0,0.0,-0.0,0.0,-0.0,0.0
0.0,0.0,0.0,0.0,0.0,0.0,-0.0,0.0,-0.0,0.0,-0.0,0.0
