0.00034480725298635667,-6.745332342042328e-05,-0.0006125335719768665
0.00028503013891167944,-0.0001930752570338882,-0.0003044806928325897
0.0002956123789772392,-7.827274991314188e-05,-0.0005238139313176548
0.0003114846476819367,-8.490080150529625e-05,-0.0006379303557798985
0.00029140050173737114,-0.00013303716505243658,-0.0003988364112849242
0.00031696577207185333,-0.00010405556152337544,-0.000618223594529596
0.000306425296002999,-7.915331840245226e-05,-0.0004663835222793665
-0.0005937468376941974,-0.004928264124520977,-0.004332209365848934
0.027472157031297684,0.00873188210444514,-0.003915208775475851
0.04905792325735092,0.0033777729725818235,0.00612542174600657
0.039106715470552444,0.011195360897349104,-2.811111847933014e-06
0.033522263169288635,0.02296195593087169,0.006441086665728336
0.06211536005139351,0.007400199536515481,0.0019866320811275963
0.1047833114862442,-0.03495328787286837,-0.010962670621946276
0.14954523742198944,-0.06678305261929827,-0.013449053713216341
0.19283781945705414,-0.07128603267943168,-0.003097663093003092
0.2518881857395172,-0.11949356956464058,-0.019962931318297964
0.28131183981895447,-0.1703427920014944,-0.02828164832522492
0.31843650341033936,-0.19117692523649657,-0.02254513039373408
0.3526816964149475,-0.23569944021105046,-0.03592578267055103
0.36664342880249023,-0.2841822936301505,-0.044243105972478824
0.39839497208595276,-0.3254790295935714,-0.04468332272632137
0.43805572390556335,-0.4006430361325349,-0.06271838636785014
0.44319990277290344,-0.46224406225136144,-0.07840587340723751
0.4582342505455017,-0.5168856953659016,-0.0906379982931512
0.4634702503681183,-0.575074940668578,-0.10255336402123084
0.4729994237422943,-0.625620085569449,-0.11093462522233814
0.4902269244194031,-0.6607135497469377,-0.11157117346113708
0.5090123414993286,-0.6980887201125929,-0.10877831905949369
0.5392048358917236,-0.7333877934180429,-0.10038020038044457
0.5334964394569397,-0.7386616136949764,-0.10528848184995288
0.5627205967903137,-0.7305053723249099,-0.14781129998463458
0.5494067668914795,-0.7210626882628559,-0.13940840736974752
0.5286543965339661,-0.6879642386665109,-0.15788541851629093
0.520789623260498,-0.6908588896370124,-0.15629137440325705
0.5227953195571899,-0.6849156572976032,-0.1613565690973784
0.5289933681488037,-0.6865051424474943,-0.15944600376338572
0.5588416457176208,-0.6923520256905925,-0.14872043734298548
0.5778841972351074,-0.700048256127029,-0.144533940089275
0.6140882968902588,-0.7117524001311619,-0.1368118752793722
0.6468360424041748,-0.7149926421847682,-0.13075658709095583
0.6367989182472229,-0.7176575214844435,-0.12332952977298725
0.6342799067497253,-0.7307964175234404,-0.135058689293563
0.6051719188690186,-0.7710894931538673,-0.13423510137214512
0.6001169681549072,-0.8169751435271401,-0.1304529905561359
0.6151201128959656,-0.8558905807626368,-0.14548333049818962
0.6367567777633667,-0.8828424224013939,-0.14407634418545667
0.668243944644928,-0.9120999404514554,-0.1462310614927686
0.6551856994628906,-0.9676132937864071,-0.1408731994774983
0.6728966236114502,-1.105294246815691,-0.17153045206571155
0.6613174676895142,-1.1725867432775456,-0.17966348099281546
0.687047004699707,-1.2586762757602847,-0.20541283601771773
0.6298943161964417,-1.2959818094601128,-0.23850942145070397
0.7510136961936951,-1.4036942522969524,-0.209482850439253
0.7614378929138184,-1.4353879799901998,-0.2249308802592208
0.7517804503440857,-1.4708016601193667,-0.24159537794846137
0.7348802089691162,-1.4557216572955545,-0.24183282738843054
0.7559838891029358,-1.447795165533365,-0.23998703392482632
0.7384666800498962,-1.422581258960357,-0.2355147419679534
0.731954038143158,-1.3875098306249407,-0.23440403187884298
0.7134701609611511,-1.3304648551396663,-0.22120543153479258
0.6621431708335876,-1.3088574841508192,-0.20876625759860779
0.6434260606765747,-1.2443776600227496,-0.1947124611493419
0.5995087027549744,-1.1974013080878345,-0.19254711250830298
0.5967845320701599,-1.1964759749073517,-0.19111744491520613
0.5948988199234009,-1.1682399708118334,-0.18925689952716562
0.6037003397941589,-1.167018951748002,-0.1815583066761619
0.6526331901550293,-1.145717442534289,-0.16663596386473473
0.7086511850357056,-1.1638060841755438,-0.16303320168728438
0.7762860059738159,-1.193058508398288,-0.17233042110410646
0.8392953872680664,-1.2025702102332974,-0.17015565872759417
0.8976120352745056,-1.240997696879644,-0.18026823636094108
0.9862686991691589,-1.2902890065520711,-0.1985801304837731
1.0592032670974731,-1.3271342446678647,-0.20809356773880763
1.123677372932434,-1.379368228377334,-0.2281120441259014
1.1763380765914917,-1.4322229762221548,-0.2432669899498378
1.2260891199111938,-1.4641364017876701,-0.24891439207791205
1.2664881944656372,-1.5026235306826965,-0.25444617308435996
1.3459657430648804,-1.5321441702024279,-0.2615626057153082
1.371524691581726,-1.563635375241189,-0.26170637745700154
1.4189748764038086,-1.5977119838876679,-0.2733672548375511
1.4501919746398926,-1.6389519055883097,-0.2727908893465434
1.4714852571487427,-1.6851388416804458,-0.2737532264472425
1.510051965713501,-1.7381804447296674,-0.2850755015873828
1.5272266864776611,-1.78567637536612,-0.2953230443577064
1.5229644775390625,-1.7917042146137536,-0.2975414597923261
1.5164963006973267,-1.7690089784500123,-0.29419813196628475
1.4927295446395874,-1.7226402061210624,-0.282313369963297
1.4553946256637573,-1.6793711796844137,-0.27870175931377056
1.4304708242416382,-1.5973523991842804,-0.25871794544501836
1.3980014324188232,-1.52984264315479,-0.2513902415099381
1.3885895013809204,-1.5411399445047052,-0.25874084346898407
1.368720293045044,-1.5716934017853057,-0.26519270750441454
1.3633784055709839,-1.628633889911955,-0.26949376580180956
1.3629218339920044,-1.6609034941806797,-0.2711283847995259
1.3479409217834473,-1.7178814264287854,-0.28022549586044515
1.3477455377578735,-1.772158036753628,-0.29092823074371926
1.3567627668380737,-1.8229437909198611,-0.2982325395558468
1.3542991876602173,-1.8837780291951196,-0.3066126189150094
1.3577110767364502,-1.9501201112688837,-0.31938582788504866
1.349474549293518,-2.0000931415340677,-0.3252371784720452
1.359594702720642,-2.0086149811229985,-0.3318889895437115
1.3559629917144775,-1.994710774406583,-0.3331534921991366
1.3600128889083862,-1.978967009787397,-0.33123661456153963
1.3677828311920166,-1.934029034422285,-0.3231360835963699
1.387190580368042,-1.9260689680400136,-0.32577758965286635
1.4267159700393677,-1.9284002854078057,-0.32849390928958944
1.4387046098709106,-1.9331875720587008,-0.33227066439392294
1.4242931604385376,-1.9218148145917155,-0.3420005127955097
1.4073575735092163,-1.913927943800708,-0.3397540885943221
1.412237286567688,-1.9138204452778835,-0.3434652680880709
1.4157633781433105,-1.9117304079014312,-0.34527168023016774
1.4151588678359985,-1.9133632067718982,-0.3468015488361573
1.4156181812286377,-1.9133379308750724,-0.34760319601938133
1.419960379600525,-1.9046090065327426,-0.34510429362275064
1.4161196947097778,-1.9100326958456302,-0.3477693254507446
1.41089928150177,-1.9023572323138933,-0.343725581030291
1.4069510698318481,-1.8887329630266292,-0.3438423168198121
1.396803379058838,-1.8840959898110716,-0.3465082115377314
1.3891360759735107,-1.8859726330241173,-0.34984741895434956
1.3727879524230957,-1.8885109198752368,-0.35245047808703006
1.3665742874145508,-1.8929437872094976,-0.34932207997169074
1.3511279821395874,-1.9280532454298265,-0.35785730656769704
1.3494774103164673,-1.9544199446178505,-0.369084064396151
1.3514373302459717,-1.9408908829253102,-0.3609665095893486
1.3749011754989624,-1.8859739030959781,-0.35404112751094774
1.3792519569396973,-1.8915331439468703,-0.35554773633212355
1.4085749387741089,-1.918833826180867,-0.35797487053235105
1.4281648397445679,-1.9184161837240634,-0.3552840856074225
1.446123719215393,-1.9110500907968533,-0.3561955978727126
1.461369276046753,-1.91013952259071,-0.3498924606992111
1.4518433809280396,-1.9093555883379691,-0.353832363987836
1.428114891052246,-1.8963245875366648,-0.3514549061656099
1.3886585235595703,-1.8731715576265278,-0.346088424690361
1.3698678016662598,-1.820361358147304,-0.33275599996691435
1.3521019220352173,-1.7534341475132917,-0.3232722829400703
1.360265851020813,-1.7584596681520153,-0.3283043411807143
1.3503612279891968,-1.7939103798968856,-0.3277274548117821
1.3391526937484741,-1.8138107487370225,-0.3271137548820485
1.3344595432281494,-1.8154931695627636,-0.3262966536257154
1.3351781368255615,-1.825407776465204,-0.3308775680534288
1.3405449390411377,-1.815441985525564,-0.3283680199439218
1.3354662656784058,-1.8068337122741072,-0.3312254734182583
1.341671109199524,-1.8193319514544783,-0.33418459136871537
1.3359287977218628,-1.852077145772183,-0.33718353045778837
1.3283940553665161,-1.8889396027898382,-0.34149287236596154
1.3205561637878418,-1.9384395413969118,-0.35051778104175074
1.3188551664352417,-1.9918853629065898,-0.3570915698120106
1.3137027025222778,-2.045253170609,-0.3673760436013465
1.3127015829086304,-2.090729156144692,-0.37116497719518227
1.3280352354049683,-2.162015453687048,-0.38722498913684
1.3243457078933716,-2.155413030084634,-0.38492685882263095
1.3138824701309204,-2.15423258599018,-0.37820469021725506
1.324087142944336,-2.156505629065575,-0.3781876089981825
1.3971177339553833,-2.1383951461909043,-0.3807356881716006
1.3910131454467773,-2.12093962277673,-0.3834491691371991
1.4170933961868286,-2.1301680114179815,-0.38480174732120653
1.4193270206451416,-2.132949023980375,-0.3898871407901383
1.3995906114578247,-2.1295800707514454,-0.38615458962918575
1.3689980506896973,-2.1264671132395976,-0.37893339872198506
1.298046350479126,-2.1189023545943675,-0.3730293787026437
1.2921833992004395,-2.1171982504076103,-0.37502011838412713
1.2749674320220947,-2.126779952969793,-0.3691534034534992
1.299407958984375,-2.1999494867666374,-0.37867877899530084
1.3161345720291138,-2.2616612408428947,-0.36143513537505834
1.3343676328659058,-2.320530169538977,-0.37843643490926443
1.3675992488861084,-2.3774756380134754,-0.4101487077815198
1.383889079093933,-2.457677651534931,-0.42386442134859653
1.4061930179595947,-2.538489051189114,-0.44283560394419763
1.4057567119598389,-2.6106673831315517,-0.4661481442885333
1.421820878982544,-2.7168218500062866,-0.4939252023395946
1.41677987575531,-2.791532824218614,-0.5094026589039613
1.410588026046753,-2.8672053750250557,-0.5214089091946209
1.4008169174194336,-2.957690731953545,-0.5456342607395902
1.3910298347473145,-3.019046888231994,-0.552968667575358
1.3823858499526978,-3.0323404637223406,-0.5613493124726626
1.3885891437530518,-3.000432467624186,-0.5608857025380726
1.3978495597839355,-2.9470474709345305,-0.5477308084255442
1.426653504371643,-2.895550081306844,-0.536572967343631
1.415528655052185,-2.8656753933882126,-0.5353638677713486
1.395110011100769,-2.8392605317356305,-0.52583557051143
1.3807785511016846,-2.8364667514248385,-0.5225077038527051
1.328117847442627,-2.821958288422509,-0.5133985757022164
1.3259025812149048,-2.8362427960710743,-0.522215415671018
1.331039547920227,-2.842037696868604,-0.52929264785241
1.3723585605621338,-2.836436016952545,-0.5349985257057371
1.398626446723938,-2.801737436601649,-0.5293075886836661
1.4202905893325806,-2.8239309568578976,-0.5372381163960818
1.4427406787872314,-2.818913770592838,-0.539800838024977
1.4804331064224243,-2.829007430855275,-0.5439304201685493
1.5075279474258423,-2.827793999757533,-0.5427008861427546
1.5041664838790894,-2.8208694864180743,-0.5380788111384632
1.5022715330123901,-2.7810114162728876,-0.5340933016764179
1.5076667070388794,-2.7367111755184466,-0.517218420689772
1.4739667177200317,-2.694813703403281,-0.5078646390935593
1.4825263023376465,-2.6978075515481863,-0.5033458956429305
1.5036078691482544,-2.700985897896272,-0.5062447393523382
1.510020136833191,-2.7510974313139362,-0.5170663442840775
1.4982240200042725,-2.784304948796261,-0.5300945144414971
1.507044792175293,-2.780960107179433,-0.5240025386056203
1.5029897689819336,-2.7909328155805806,-0.5266301897266176
1.4808229207992554,-2.772910453472107,-0.5193085866666687
1.4306122064590454,-2.737197491647137,-0.5037345594162619
1.3919999599456787,-2.697322032574359,-0.494922918752415
1.3650100231170654,-2.6312370754140058,-0.48151539918699726
1.3129591941833496,-2.578655842636491,-0.47143394653590553
1.3033548593521118,-2.5108614699740075,-0.4584513601960722
1.2929006814956665,-2.4904492551301765,-0.44564889238563776
1.2900493144989014,-2.449335196350015,-0.4392470847956419
1.3109428882598877,-2.447860421421127,-0.43820874647472907
1.3160524368286133,-2.443526464482196,-0.4365818201774659
1.3268258571624756,-2.427511853750518,-0.4294796319078209
1.314770221710205,-2.447387788929406,-0.43835111955670086
1.3217716217041016,-2.5018801628237983,-0.44483692965392885
1.3241734504699707,-2.5490482073402654,-0.4530996023425801
1.30877685546875,-2.5870331550156678,-0.46730376521915945
1.2849210500717163,-2.6003501122583343,-0.4812294195217324
1.3002344369888306,-2.5614955425550376,-0.46746564179785477
1.2606662511825562,-2.566468918274719,-0.4797876083183846
1.268632411956787,-2.603478733125831,-0.48035064630872526
1.269087791442871,-2.574198742981979,-0.4801892456012318
1.2704273462295532,-2.553854950992413,-0.4682730414485462
1.2802801132202148,-2.5384147215448642,-0.4884279252664527
1.3090717792510986,-2.573261258689109,-0.4854457656667856
1.360093355178833,-2.617291668703305,-0.49173096084891144
1.380656123161316,-2.631352389693829,-0.4988189527759777
1.3977222442626953,-2.6325070539047357,-0.4954989519785605
1.4223380088806152,-2.6328516028306312,-0.4925343647218992
1.4516024589538574,-2.6350187184750418,-0.5001919618123623
1.4365531206130981,-2.6609792554859117,-0.5059074470689082
1.4263310432434082,-2.6961317630328865,-0.5165815366983518
1.3848841190338135,-2.7652815045971186,-0.5267110033454604
1.3571945428848267,-2.8186664898439315,-0.5380666556527277
1.3232743740081787,-2.8834205605693732,-0.5480887193050383
1.3115962743759155,-2.9387264946693374,-0.5659168398895859
1.2904947996139526,-3.000965302250428,-0.5770958902691482
1.260130524635315,-3.030112424107647,-0.5889503100507069
1.2574344873428345,-3.0047916686968823,-0.5792399572111995
1.2417982816696167,-2.947618357165079,-0.560907590518912
1.2230855226516724,-2.889918450830438,-0.5381108573128078
1.2206476926803589,-2.8358528702835573,-0.5216024278555755
1.2190062999725342,-2.7909699599024176,-0.508366123101909
1.2158522605895996,-2.7176636353858217,-0.49630448407995015
1.220542073249817,-2.653473460216506,-0.48412114177892157
1.2290958166122437,-2.5848659487107186,-0.47140081608977097
1.248189091682434,-2.527874412619142,-0.46610911390562765
1.2752779722213745,-2.46426648009386,-0.45720045591365377
1.3039193153381348,-2.4031115520757114,-0.4450322957790051
1.30852210521698,-2.332109609415787,-0.4334595921513525
1.3107519149780273,-2.2996766860521674,-0.4252543074098528
1.3311283588409424,-2.3109374397920677,-0.4254351652336224
1.3251341581344604,-2.3965238742756014,-0.4414225351896045
1.3051962852478027,-2.4511804501111234,-0.46005979835471406
1.3054125308990479,-2.4840515895449258,-0.46402142999669965
1.2993296384811401,-2.5221554564530857,-0.4666093335177767
1.3037538528442383,-2.5463829686859327,-0.47206277540625974
1.2733397483825684,-2.561689842271968,-0.48044562303105487
1.2947531938552856,-2.5762050293294374,-0.48166446215638997
1.2897411584854126,-2.550269871606455,-0.47950198010583345
1.2584646940231323,-2.530692189621799,-0.46757295478803296
1.2867960929870605,-2.523975662310813,-0.47374877178518787
1.300158977508545,-2.522893392445558,-0.47510945272799743
1.3132184743881226,-2.5179395734431234,-0.4720682294089711
1.3414344787597656,-2.5210825256406904,-0.47001615526044377
1.3489502668380737,-2.50962735345555,-0.4666921040232501
1.350946068763733,-2.509363048032762,-0.4680131026024431
1.3491311073303223,-2.5584101640200774,-0.47200544311582976
1.3404380083084106,-2.5981161049606145,-0.4890888029877757
1.30528724193573,-2.6694084791122186,-0.49653713839778546
1.2995727062225342,-2.754366680679025,-0.5076358927245946
1.283679723739624,-2.8406297697655023,-0.528896274108287
1.2886427640914917,-2.900252744468919,-0.5393256397886473
1.2432976961135864,-2.9230778210027175,-0.5466798033259639
1.2536412477493286,-2.9051839449101737,-0.5404015345992437
1.2305258512496948,-2.8715405475406013,-0.5239792128033848
1.2105207443237305,-2.8231105089073476,-0.5116755309897936
1.1990689039230347,-2.734867496442143,-0.49580658578896625
1.192779779434204,-2.6617424861735537,-0.4793635061999092
1.1848199367523193,-2.6089995069452416,-0.46458131733057606
1.197076678276062,-2.6010224936310724,-0.45526531415266724
1.2111743688583374,-2.5979446795240753,-0.45856541656564304
1.2297768592834473,-2.6060560221941573,-0.4563095840983914
1.2640793323516846,-2.5782705505024843,-0.45472086892698776
1.274837851524353,-2.4910424854854094,-0.4667226099774874
1.2890681028366089,-2.4279439888057235,-0.4491142444150564
1.3068381547927856,-2.3669148890025364,-0.4403021982305194
1.3053078651428223,-2.313292544251508,-0.4277923279218936
1.3052929639816284,-2.342306120541917,-0.43018647399511856
1.3059049844741821,-2.3944785417295154,-0.4401144570247739
1.3036236763000488,-2.443515079136096,-0.45788713482599874
1.296474575996399,-2.4964457425904385,-0.4699394577849788
1.2837024927139282,-2.5163589671158677,-0.4785766248882304
1.3075029850006104,-2.5259492723853754,-0.48083872627195384
1.2817145586013794,-2.535337190492648,-0.48354475148145254
1.2810341119766235,-2.523490341151368,-0.47565076387128125
1.2517625093460083,-2.508673610602078,-0.47053160038970093
1.2226251363754272,-2.4818973161707376,-0.4641159764829707
1.2212756872177124,-2.473981546305324,-0.4607062350565896
1.2243046760559082,-2.4844232653886906,-0.45848198336465623
1.2655898332595825,-2.4630792814815146,-0.4651386018350472
1.2728080749511719,-2.488777148767274,-0.4701474555353783
1.2948052883148193,-2.479424249563783,-0.47472462293608275
1.3274987936019897,-2.479856331343632,-0.4696403670035968
1.3310179710388184,-2.4742996751185924,-0.46811983667793333
1.3382896184921265,-2.4390470475341357,-0.4599487973308318
1.3394529819488525,-2.4263695457385155,-0.4578613002561236
1.3439249992370605,-2.4593966547772896,-0.4650277303822693
1.3366764783859253,-2.529392431627325,-0.4727014855955461
1.3279492855072021,-2.565515215523398,-0.4850563428011629
1.2944706678390503,-2.588911897446823,-0.49141909393210464
1.2958896160125732,-2.5974038299742177,-0.4899967114587422
1.2813035249710083,-2.627379202697181,-0.4900118453496023
1.2629250288009644,-2.6136034196087596,-0.4809406760503184
1.2806415557861328,-2.600384253956298,-0.4810537757123626
1.3055410385131836,-2.6065776971328427,-0.4919696462601613
1.343026876449585,-2.636357190672905,-0.4931311872816493
1.4053176641464233,-2.70351752299665,-0.494785049249788
1.4264494180679321,-2.7306728240945928,-0.5088796105201393
1.4416005611419678,-2.736664130716377,-0.5065696780825999
1.4292768239974976,-2.7276442707299844,-0.4989738225619619
1.4336833953857422,-2.6435807694376514,-0.48626107268613833
1.4307337999343872,-2.573317986397187,-0.47433438209411516
1.4197508096694946,-2.476440711318647,-0.46150844888945075
1.3954885005950928,-2.4575710146103504,-0.4612274622572701
1.4352482557296753,-2.4527331669271524,-0.4631299648795268
1.4589530229568481,-2.5305618647458608,-0.46785981724442754
1.4493356943130493,-2.564477576475187,-0.48544770559577516
1.4657707214355469,-2.554550354844065,-0.4751389397637156
1.4723989963531494,-2.525966987243588,-0.468964670843753
1.4819920063018799,-2.5113249847888657,-0.4615683949061742
1.4902828931808472,-2.489080590160895,-0.46419434193157944
1.5150700807571411,-2.488891712599705,-0.45336561916329093
1.4955693483352661,-2.5414396618505917,-0.466233534263438
1.482988715171814,-2.5977890247880024,-0.46969467643530477
1.4496965408325195,-2.654650895776254,-0.48422011817670646
1.413893461227417,-2.7227750669685786,-0.4912939252691069
1.411722183227539,-2.7602441700837255,-0.5011870853257804
1.3978281021118164,-2.7950332152233637,-0.5155515693601863
1.396454930305481,-2.8551492592919145,-0.5100120337239729
1.3953614234924316,-2.902066338115546,-0.5248500091898587
1.3618708848953247,-2.944128765086153,-0.5551167136575248
1.3650667667388916,-2.928424961743502,-0.5462593706918883
1.3298325538635254,-2.9143247745632808,-0.5488982131359352
1.3414667844772339,-2.8775692234754797,-0.534511965684699
1.3299366235733032,-2.833143484324176,-0.5267119418296108
1.2922242879867554,-2.8009711249386466,-0.5306521800795693
1.27407705783844,-2.7557741515709724,-0.5199887173217416
1.2635540962219238,-2.7019401003202383,-0.5071510332559386
1.2283811569213867,-2.6357021787108925,-0.4939431758132597
1.249093770980835,-2.5954961314103024,-0.4869972000395151
1.3026390075683594,-2.5973302151463717,-0.4853086462007419
1.3264292478561401,-2.597700831703002,-0.4917937277252273
1.3607276678085327,-2.5997864665478256,-0.4936716664670742
1.3834054470062256,-2.6015964032774703,-0.4891597338398328
1.3738789558410645,-2.602156318464655,-0.4900677474443707
1.306727647781372,-2.6294488646163323,-0.4911910111974541
1.241428256034851,-2.6859209901357253,-0.49432047808077073
1.1951497793197632,-2.7594126243480366,-0.5059748191372964
1.1856181621551514,-2.777574408423467,-0.5215756617251257
1.1726932525634766,-2.792757594272256,-0.5124706218520425
1.1800841093063354,-2.8100558690597186,-0.5208258773229796
1.1461230516433716,-2.8217054169912523,-0.5272333649510004
1.154130220413208,-2.852010939514455,-0.5330671037307919
1.1494868993759155,-2.872037761885358,-0.5446709803835144
1.1477580070495605,-2.8836570895448688,-0.5441779302613146
1.126897931098938,-2.877189982568449,-0.5403102457201203
1.115814447402954,-2.856833878060632,-0.5343775830044712
1.1304131746292114,-2.872592063538377,-0.5363652154216264
1.1594245433807373,-2.869224830138645,-0.542275065397257
1.155809998512268,-2.8915203645499186,-0.5446464824357968
1.1780622005462646,-2.921864052268698,-0.5555318386033602
1.2040494680404663,-2.928382182711046,-0.5606339483672758
1.2091691493988037,-2.925667576492809,-0.5546159035831306
1.2403727769851685,-2.886855929804253,-0.5393905383352363
1.248464822769165,-2.8424329246427273,-0.5302931980777745
1.2644133567810059,-2.7851637055447993,-0.5208509695166653
1.2795286178588867,-2.701920012498319,-0.5112315803380922
1.3046766519546509,-2.6232028017422904,-0.49759546892226286
1.324383020401001,-2.5531130643740143,-0.4809312808183031
1.3281385898590088,-2.473406773870833,-0.47222985332193307
1.3196879625320435,-2.449314935233257,-0.470731622758215
1.3383311033248901,-2.475300877079878,-0.4726603324574059
1.3258048295974731,-2.5437438681064766,-0.4874853035956261
1.3447089195251465,-2.5976907076907576,-0.4957093096438494
1.350829005241394,-2.6295041143403344,-0.5050475299822027
1.3195676803588867,-2.6719783720919557,-0.5134619685168818
1.364141821861267,-2.6698366316004614,-0.5128372933882691
1.3928312063217163,-2.6954359319366183,-0.5209759607196343
1.4020724296569824,-2.676332395370738,-0.5192602510589851
1.4248985052108765,-2.689951968479371,-0.5185804032664736
1.4887906312942505,-2.701815616790618,-0.5176088797983924
1.517348289489746,-2.708866753512139,-0.5227215900959594
1.5164847373962402,-2.7112678783883526,-0.5258628514936884
1.5041176080703735,-2.7095278062972774,-0.5213637243085364
1.4890223741531372,-2.6661192431039193,-0.5150031904585788
1.4523886442184448,-2.637707989617008,-0.5089905642153413
1.4158660173416138,-2.5908782035453726,-0.49967118703898755
1.378954529762268,-2.529599513676183,-0.48565319286239383
1.359651803970337,-2.4793743224752958,-0.4756624608640416
1.3327826261520386,-2.4356948920932573,-0.4684362959405778
1.3449796438217163,-2.400760775321389,-0.4642207362881809
1.3479514122009277,-2.4035957642119516,-0.4641853279748737
1.3529309034347534,-2.3807606211636045,-0.4565780706623816
1.3675247430801392,-2.3698521946337543,-0.4665424988683854
1.3687046766281128,-2.343248428072172,-0.4596079027516366
1.3741596937179565,-2.3308769378678256,-0.44974352324968164
1.3654080629348755,-2.3135706332136072,-0.44846309417560903
1.3854705095291138,-2.338537098022169,-0.45630254971723366
1.373627781867981,-2.393033926875014,-0.4602876540708211
1.3576741218566895,-2.4393752003799505,-0.46749575790006676
1.3579800128936768,-2.495527333768303,-0.4750191236564882
1.3656710386276245,-2.546214619869397,-0.48753317878701313
1.3506861925125122,-2.604731818668707,-0.5044934410119934
1.3375440835952759,-2.6579997480167505,-0.5157578132454275
1.3106502294540405,-2.6869325591332927,-0.5172567195580916
1.3161810636520386,-2.6787343821173586,-0.5131006917043495
1.2881317138671875,-2.66784249403733,-0.5086206179752485
1.2922370433807373,-2.6762658518445264,-0.5131525947149499
1.3295735120773315,-2.6721693759530813,-0.5196590483293898
1.3537276983261108,-2.6811528272421628,-0.5222254879209685
1.3758090734481812,-2.6956301885895027,-0.5226018265392375
1.3971749544143677,-2.686643651191571,-0.5224903156255236
1.398339033126831,-2.7133661245888105,-0.5271011338311988
1.394796371459961,-2.697424387273119,-0.5214883197568084
1.4006446599960327,-2.6447514440802498,-0.5057348141996721
1.3814795017242432,-2.6050117794636805,-0.49061300264506064
1.3875278234481812,-2.557366130270882,-0.4726483688074849
1.3780131340026855,-2.4854729276550924,-0.4686208996759642
1.3777214288711548,-2.4180253372903406,-0.45242232962094364
1.3693588972091675,-2.3739650596021526,-0.44377551790105446
1.3840950727462769,-2.394525533419278,-0.4516468795212304
1.388014554977417,-2.4444992751953545,-0.4527551617472229
1.3907495737075806,-2.444488078442075,-0.4522492330744213
1.3607877492904663,-2.3896363566732415,-0.4438073363117716
1.346744418144226,-2.365708945833397,-0.4282958157704836
1.3643076419830322,-2.335555354835853,-0.42578761074052995
1.3506431579589844,-2.328229510363671,-0.4284494268945644
1.3483182191848755,-2.2860856495526454,-0.42204380206282793
1.3581494092941284,-2.235655882221936,-0.4080050054108677
1.3602938652038574,-2.173247404354652,-0.4053733501620939
1.3501263856887817,-2.1284994361362064,-0.38944985276455407
1.3497556447982788,-2.070095529193298,-0.37770450107961684
1.3552758693695068,-2.0554918388165735,-0.38212395761217866
1.3407466411590576,-2.0937613925860257,-0.3870169989048631
1.3381770849227905,-2.07296907235503,-0.38651348363483357
1.311464786529541,-2.0324478790329454,-0.37902088618279006
1.3055816888809204,-1.9604835321787675,-0.3617765766145874
1.2850571870803833,-1.8696145503480324,-0.35363931827384987
1.287781000137329,-1.8088511515252472,-0.33915515732769025
1.2818124294281006,-1.703040080798997,-0.32684915454908403
1.2825413942337036,-1.628307083736868,-0.3105297419994455
1.2896816730499268,-1.5588545192406817,-0.30269787678218985
1.2829340696334839,-1.4881937545337047,-0.2892025298227512
1.3071879148483276,-1.4283142411486576,-0.27662803793622504
1.321441888809204,-1.3513710664536365,-0.27037013731529463
1.325317621231079,-1.304134782585971,-0.25310091263792295
1.3476604223251343,-1.2414126066143496,-0.2446372381803262
1.3597159385681152,-1.164019469704695,-0.2323711773480568
1.3438689708709717,-1.1451823750239332,-0.22651831823166932
1.3513606786727905,-1.1825451772398246,-0.2304208898925011
1.3436344861984253,-1.252483679168782,-0.24626873656407697
1.3410276174545288,-1.231947033215076,-0.24467043044798495
1.3159596920013428,-1.1854739059322255,-0.23762648034366532
1.3080625534057617,-1.1147187743648752,-0.21716512992883347
1.305153727531433,-1.0479576080726396,-0.20467802412322986
1.2942057847976685,-1.0091338812713768,-0.19289036870217266
1.2887343168258667,-0.9225834419695997,-0.17569664501239493
1.2925372123718262,-0.8419014092792572,-0.16572242160343362
1.2925971746444702,-0.8094298996246185,-0.15410017632938036
1.311081051826477,-0.7633910684619699,-0.15558215925807425
1.3302762508392334,-0.7233923336840633,-0.138635312984537
1.3342934846878052,-0.7185090419037923,-0.1382244702028559
1.316192865371704,-0.7197312551505977,-0.14372808274077825
1.293511986732483,-0.7489870452209483,-0.15352809672373655
1.301336407661438,-0.7773211437066707,-0.1582130088474219
1.2994110584259033,-0.7887213982537259,-0.16461631234895233
1.2796722650527954,-0.8017700627464657,-0.17030313929951005
1.2858489751815796,-0.8246907272720645,-0.1709460875394908
1.2864383459091187,-0.8433526429459743,-0.17523549745059402
1.2910727262496948,-0.8562828094060986,-0.17655856441266005
1.2884936332702637,-0.8639346918669735,-0.17738929386518748
1.2935867309570312,-0.8737226130595924,-0.17896337173384816
1.2900182008743286,-0.883766325277715,-0.18243901832338688
1.2715425491333008,-0.9108457553662811,-0.18698214112101258
1.2719707489013672,-0.9335207402670009,-0.19092633462032949
1.2686594724655151,-0.9621277465642176,-0.20337463222257712
1.2787913084030151,-0.9770525087377264,-0.21114271312415564
1.2746256589889526,-0.9873673515417271,-0.21563663837054914
1.2655563354492188,-1.0213751194992482,-0.22345767545583264
1.2785084247589111,-1.0297956554638499,-0.2243830767116076
1.2958424091339111,-1.048713221479279,-0.22507066835888923
1.3152425289154053,-1.0875687055622099,-0.2272523667357764
1.316108226776123,-1.0850151374022121,-0.2307955648379637
1.3143906593322754,-1.0940836007889305,-0.2306411676144547
1.367988109588623,-1.1190749800352648,-0.23105216185643396
1.3802881240844727,-1.1314966236209347,-0.24065727506473109
1.405962586402893,-1.1456872665945,-0.23198024387509383
1.4224315881729126,-1.1646720450108483,-0.2309663346183336
1.4125157594680786,-1.172310789026697,-0.23462295845329628
1.3911644220352173,-1.1790988642221447,-0.23092982650450275
1.3714087009429932,-1.189782116409218,-0.2300844758341638
1.3461766242980957,-1.218349535756,-0.23450650433115455
1.3032890558242798,-1.2555869625687692,-0.24201605030806717
1.2535042762756348,-1.2754095861245611,-0.2513960864235161
1.200007677078247,-1.2980975150530842,-0.25663253553547594
1.1632664203643799,-1.3303233436541673,-0.2603453906108766
1.1213618516921997,-1.3750497528069052,-0.27828843296627065
1.0584977865219116,-1.3972320424756397,-0.2867003224096905
1.0404289960861206,-1.417275457035059,-0.2755470264080546
0.9829875826835632,-1.4496869058569941,-0.28723335306629055
0.9348029494285583,-1.4474152490229941,-0.2825669952118528
0.8873440623283386,-1.468543869435724,-0.28695321452145717
0.90900057554245,-1.4485763493498731,-0.2890032036953645
0.9335399270057678,-1.4344267963679977,-0.2867961183258846
0.9687647819519043,-1.4230415217235055,-0.2805497214697476
1.013742446899414,-1.4203872733522793,-0.28048372843691344
1.0386642217636108,-1.422798759289176,-0.2805541096269777
1.042134165763855,-1.393588312538046,-0.2797981562085869
1.0665309429168701,-1.3609451930072516,-0.27481902839626227
1.0429649353027344,-1.3610232450882023,-0.26623129194213896
0.997707724571228,-1.3165800219741985,-0.2586080565253634
0.9429377317428589,-1.2948988188456112,-0.264769134368903
0.9575539827346802,-1.2852575502954522,-0.25777365793742313
0.9740592837333679,-1.3095915367820818,-0.26790793010142594
0.966827929019928,-1.313583648792377,-0.27521634642185216
0.9492096304893494,-1.3258241767835937,-0.28756938770634427
0.9327471852302551,-1.3560026253653203,-0.2921775956496765
0.9605048894882202,-1.3960945993813854,-0.3023887616209261
0.983299970626831,-1.4357732540430101,-0.3060165315138897
0.9836008548736572,-1.4449433787937778,-0.2930657771434666
0.9810472726821899,-1.450266697197534,-0.2968987942721129
0.9960455298423767,-1.4425996423451823,-0.29522710219777115
1.0184776782989502,-1.4494288366468844,-0.29422880117933814
1.0509315729141235,-1.4308912009475023,-0.2866716727769528
1.0754879713058472,-1.4047323777088914,-0.2763384729524242
1.083767056465149,-1.3910021233241079,-0.26906728815062997
1.1207687854766846,-1.3855364876755112,-0.27269943788629464
1.164125680923462,-1.3872171578782828,-0.2721481180046816
1.1824835538864136,-1.3426388391857043,-0.2533963594893729
1.1656789779663086,-1.3223952003892434,-0.2442461365254576
1.1829057931900024,-1.330366050213668,-0.23625308786765073
1.2419909238815308,-1.3727108052744617,-0.23652280950456703
1.2698508501052856,-1.4191301941677987,-0.24497840344948865
1.2830270528793335,-1.4523595295078127,-0.2578730887154479
1.276261329650879,-1.4427880323871665,-0.26276703387716066
1.2746946811676025,-1.4548354250988178,-0.26741954914617194
1.275805950164795,-1.489606177817261,-0.26929990325824876
1.2770650386810303,-1.5291858668946239,-0.2749893285333103
1.3042144775390625,-1.5803028765061846,-0.2849571532475478
1.3120126724243164,-1.6473155739553214,-0.28907299411368986
1.3139032125473022,-1.6744572117688197,-0.290895144073882
1.335004448890686,-1.7169517883310983,-0.2944444016907451
1.3357657194137573,-1.778706037338298,-0.30383545364169784
1.3357661962509155,-1.831671432402308,-0.30887362967061016
1.3272963762283325,-1.8475329675749528,-0.3117271558077364
1.299246072769165,-1.8296053659969045,-0.31851987685228217
1.2959957122802734,-1.8069464856174213,-0.2944837346232963
1.2926506996154785,-1.790624575401591,-0.29460214819770636
1.269426703453064,-1.7858075793593935,-0.30437240380785413
1.264258623123169,-1.7509707353961752,-0.2998132329888323
1.2953640222549438,-1.7479154952027722,-0.3113508309153733
1.3202522993087769,-1.7387224949231748,-0.2974597479203565
1.346496820449829,-1.7533542246116705,-0.298677544562052
1.3845316171646118,-1.751650583585691,-0.2984898722357844
1.3760946989059448,-1.757248039499862,-0.3023938734041114
1.3550187349319458,-1.730560145387006,-0.2920304518998837
1.3239620923995972,-1.7023032960079456,-0.2842907229162791
1.2767612934112549,-1.6795101000183568,-0.2780120664390172
1.251442551612854,-1.6487281966551295,-0.26523774471829903
1.1825647354125977,-1.5999007700507544,-0.2790434685393995
1.118821144104004,-1.575505820420146,-0.2806596294690252
1.0852118730545044,-1.5813474925441393,-0.2853233385688055
1.0833603143692017,-1.567552842580349,-0.2807868811666241
1.0827646255493164,-1.5753830871556207,-0.2885975725784613
1.0904074907302856,-1.565531692033025,-0.2815329256837738
1.10709810256958,-1.5691022986576366,-0.28072317228772437
1.1318196058273315,-1.5707466517671316,-0.2761503233009684
1.14068603515625,-1.571896113462474,-0.28235901905106187
1.1333751678466797,-1.6457940101340525,-0.2945541734191591
1.1520788669586182,-1.6596783390143104,-0.30211916638961184
1.2081551551818848,-1.6468210179082925,-0.29475354544675414
1.15644371509552,-1.6081938064621382,-0.31850507537001355
1.1767284870147705,-1.583722252755266,-0.2980965435207509
1.1940115690231323,-1.6005863621369827,-0.30163875015906744
1.2107020616531372,-1.6274810973246023,-0.3003990377402614
1.2351983785629272,-1.6490078442975709,-0.293952362771075
1.2573906183242798,-1.701715244326878,-0.32279594671088013
1.2617337703704834,-1.7465038003968099,-0.31428817715315754
1.2899905443191528,-1.7824227790057499,-0.3436065860278616
1.2768595218658447,-1.8153524175855786,-0.3851550399756656
1.2666016817092896,-1.8674939964594435,-0.36954980350997557
1.222746729850769,-1.8715781501772843,-0.34935833551698126
1.2226592302322388,-1.8394248983045085,-0.3427899452730105
1.271331548690796,-1.8238677876015184,-0.3568812214446021
1.2988011837005615,-1.8093212299714232,-0.353730833377256
1.304548978805542,-1.8124220189522835,-0.34994642777818363
1.3000696897506714,-1.828229510380939,-0.3457820705469904
1.2579642534255981,-1.8490363154843408,-0.3521931175909893
1.2587063312530518,-1.8521690443023349,-0.35101894240346904
1.2720240354537964,-1.850971785367687,-0.3514886420408481
1.2779028415679932,-1.8660250447929088,-0.3671557723689268
1.2964253425598145,-1.8673939484684117,-0.37235861416284327
1.3196184635162354,-1.8360482793611321,-0.37192719575798333
1.3527969121932983,-1.816069595239506,-0.38976225612416576
1.3664426803588867,-1.8058908668871616,-0.40060278808921385
1.3989547491073608,-1.8180170518358023,-0.4199715751832113
1.413075566291809,-1.8298510358464262,-0.4434251024471994
1.4044933319091797,-1.8501849224102405,-0.44736850915646637
1.4037797451019287,-1.8735461149282888,-0.45316975165097667
1.4117178916931152,-1.9356044389348817,-0.44148905520657555
1.4009578227996826,-1.987276611702096,-0.44774427098739117
1.4039193391799927,-2.0231265155958837,-0.4501361420021681
1.4031898975372314,-2.0615786485859884,-0.4455807018632058
1.4162150621414185,-2.1277499750610027,-0.4568532968994751
1.4041805267333984,-2.1742322417923616,-0.4658938093475732
1.4246447086334229,-2.1991090855094124,-0.4748903049321007
1.435099482536316,-2.2076213830451388,-0.4740628816130647
1.3999396562576294,-2.214102334563757,-0.4773370451580136
1.3895680904388428,-2.2395645277285023,-0.48250749553012057
1.3657511472702026,-2.342472374958619,-0.5083442095109638
1.3439699411392212,-2.410425347272585,-0.5296835562690237
1.344604730606079,-2.4666657108206382,-0.5359320862707055
1.3457337617874146,-2.531174250168511,-0.5547718631578605
1.3502308130264282,-2.5814178623962896,-0.5745027546895551
1.3392462730407715,-2.648479825779616,-0.6022277447222975
1.3207180500030518,-2.704126920732241,-0.6158766870202894
1.3077893257141113,-2.7433859285044364,-0.6297801982643754
1.2744065523147583,-2.738076558986763,-0.6120982750413532
1.2921466827392578,-2.73248061235659,-0.6128415750156845
1.33102548122406,-2.685356828081729,-0.611256019458199
1.3985909223556519,-2.6438483794829803,-0.6024423975697276
1.4376319646835327,-2.5968374194805963,-0.6076572927529211
1.5093263387680054,-2.5601052656482195,-0.5928645380696531
1.4919636249542236,-2.5712539189096923,-0.5988938039306297
1.4690382480621338,-2.558723043775476,-0.589840642209224
1.4304614067077637,-2.556971486460495,-0.5955966385291308
1.3904272317886353,-2.572454795931718,-0.5886736482805073
1.3536598682403564,-2.5734335348967123,-0.5829749806841753
1.3066543340682983,-2.5819446166498126,-0.5820276110745092
1.2509537935256958,-2.5997456835886514,-0.580400349686856
1.2010117769241333,-2.608422979915816,-0.5786691025410028
1.1512945890426636,-2.621186349037349,-0.578228161543735
1.098495364189148,-2.629309274183283,-0.5811032250413627
1.0334179401397705,-2.642945412720468,-0.579419762454726
0.9807107448577882,-2.6413484935018894,-0.5734194747982021
0.8965664505958558,-2.644214822312499,-0.5832501892855029
0.8385117053985597,-2.634447340866971,-0.5753196377075246
0.8311080336570741,-2.6284818149480143,-0.5768684342054006
0.8398225903511048,-2.61994126929798,-0.5707739282731128
0.8657370805740358,-2.604618539741797,-0.5657963607319165
0.8529710769653321,-2.5780030739191964,-0.5634464435808625
0.8486280441284181,-2.515341405579403,-0.5400596634562482
0.8434712290763856,-2.5208352274775767,-0.5386047304689658
0.8742368817329408,-2.5287760061324995,-0.5483757903952979
0.88401997089386,-2.541646952847849,-0.5561130169800234
0.866809904575348,-2.570978850314592,-0.5606643176683294
0.8695848584175111,-2.572301018198299,-0.560018710807646
0.8905721306800843,-2.599389265088968,-0.5656741501420434
0.8675669431686402,-2.627807659727173,-0.578401164415711
0.856397032737732,-2.6222973893307793,-0.5752587872961885
0.8676422238349916,-2.6602608168555,-0.5823677124555611
0.8952209949493409,-2.699769260424922,-0.5945918917162396
0.8907754421234132,-2.715418398912068,-0.589533478863507
0.8614583611488343,-2.7263748504474927,-0.5875137995444266
0.8517767786979676,-2.7359204003583635,-0.5858502625379334
0.8749530315399171,-2.7425625795289696,-0.5911601181381677
0.9069091081619264,-2.71807516669273,-0.5842810727000605
0.9690061211586,-2.707237615580467,-0.5768612434399087
1.027055263519287,-2.7068201742583127,-0.5745655198179715
1.0771629810333252,-2.709945123131546,-0.5845414258786945
1.1271601915359497,-2.7105622440363275,-0.5888949380484971
1.174943447113037,-2.7213767130197293,-0.5912130435852835
1.1985714435577393,-2.7251936225889275,-0.5944128705146611
1.2038383483886719,-2.7054717976261866,-0.5927516939887638
1.1943880319595337,-2.704796925951146,-0.5879180858461858
1.1822535991668701,-2.67334606960385,-0.5757088468371395
1.1392934322357178,-2.64083928674103,-0.563922575768274
1.0774275064468384,-2.6124559865860326,-0.5513623810212337
1.0415102243423462,-2.5983711510542467,-0.5424567023440229
1.0144555568695068,-2.602776355351924,-0.541604163978618
0.9901262521743776,-2.613761619428378,-0.5497634931436138
0.9966127872467042,-2.6473616663825204,-0.5562615274028875
1.0359032154083252,-2.6308615421701727,-0.5488644248729088
1.0374749898910522,-2.6658026304128852,-0.5637412118242852
1.0501033067703247,-2.6568427881828454,-0.5626252032138703
1.0369137525558472,-2.66700306178194,-0.5589200013663297
0.9906445145606996,-2.673117240501967,-0.5591254734467315
1.0014151334762573,-2.692996432009889,-0.5646315102591709
1.0405324697494507,-2.6801020818082346,-0.5594312449396707
1.0698679685592651,-2.664687044537783,-0.5589282548762659
1.0817033052444458,-2.6838062348877303,-0.5685728198253748
1.0858664512634277,-2.658661915491386,-0.5675548011814835
1.10068678855896,-2.6479411870183367,-0.5602811811288888
1.095585823059082,-2.646431272466566,-0.5592874234311199
1.075893759727478,-2.6178447301828327,-0.5537867313922524
1.0457972288131714,-2.594460762124605,-0.5439049154132609
1.0372729301452637,-2.620403744724844,-0.5526795563949255
1.0315433740615845,-2.6562062769029158,-0.5629384208499739
1.0276563167572021,-2.6723222299161127,-0.5681635252012757
1.044679880142212,-2.690237333929797,-0.5675027402675761
1.039754033088684,-2.696271013019495,-0.5714310610608879
1.058640718460083,-2.698942041318052,-0.5681182585214054
1.0424779653549194,-2.698967589102805,-0.5674220460735476
1.0675729513168335,-2.7075844417863566,-0.5683033599621381
1.1250314712524414,-2.6882941168757384,-0.5600465088332024
1.1929758787155151,-2.6776525953730568,-0.5595188739349483
1.2545567750930786,-2.661577630311284,-0.5639465711849627
1.2950751781463623,-2.6604889182644933,-0.570021075058686
1.290102481842041,-2.6675338892624354,-0.5716381262254189
1.268133521080017,-2.6313455235030756,-0.5566980443777363
1.2389063835144043,-2.6173423040292123,-0.5583182332462535
1.2120084762573242,-2.5963833282772453,-0.5439478091271199
1.1609489917755127,-2.5840343398655734,-0.5381198041444529
1.131233811378479,-2.556418156091709,-0.5328725116059377
1.1037428379058838,-2.5561376420193485,-0.530603324249821
1.1382920742034912,-2.548288873473804,-0.5312134445620226
1.13800847530365,-2.5949014741879015,-0.5468806106386593
1.1406184434890747,-2.6017839648584693,-0.5466408471875147
1.1019357442855835,-2.63074532149816,-0.5475268306593942
1.0396785736083984,-2.6524465149169822,-0.5502906529147656
0.9908846616744996,-2.677833008699192,-0.5560492156320096
0.9248052835464479,-2.6927995248289576,-0.5580936946303523
0.90291166305542,-2.6945473159498485,-0.5586708697435444
0.9104194045066835,-2.71720477541185,-0.5661101504308825
0.9318031668663026,-2.712003094323201,-0.5649038494346766
0.9327317476272584,-2.7180597791138745,-0.5696284606657175
0.9506070613861085,-2.7279853259751223,-0.5702008799743177
0.9637470841407777,-2.7067722390829148,-0.5694079753245462
0.9949499964714051,-2.715207764926523,-0.5676260326173237
1.040769100189209,-2.718130177361049,-0.5711805490748909
1.0769844055175781,-2.734536988019824,-0.5791614179132478
1.1016783714294434,-2.7406046224104212,-0.5837909633909699
1.1330446004867554,-2.7353825539150645,-0.5879837388389592
1.1624367237091064,-2.7256332125290244,-0.5863448831075887
1.1581799983978271,-2.738668154508996,-0.5873607116614095
1.1544370651245117,-2.751801464421737,-0.5893898905293459
1.1391644477844238,-2.7560743139931096,-0.5972813743461688
1.1302469968795776,-2.7620734407743663,-0.5926758372620495
1.1567250490188599,-2.760565228891063,-0.5962715329268617
1.1520617008209229,-2.756242412926345,-0.6041798130019976
1.1499981880187988,-2.771375179360477,-0.6060974751992809
1.1330348253250122,-2.796253913557773,-0.6102223847443341
1.1254351139068604,-2.8188329791491853,-0.6234678670116071
1.1381430625915527,-2.8392342030889197,-0.620836648642422
1.1013332605361938,-2.8381016782648203,-0.621093898286826
1.1159013509750366,-2.837184170430833,-0.6227690004116851
1.1231203079223633,-2.8309750009821943,-0.6216577552436161
1.1276055574417114,-2.8456002999441523,-0.6236146107168569
1.1487253904342651,-2.83305467257557,-0.6171176286599612
1.203248381614685,-2.8224499765487323,-0.6156408383832185
1.256349802017212,-2.8169725363505145,-0.6150697495199627
1.3163148164749146,-2.807778580656979,-0.6109572830012994
1.3258240222930908,-2.7898278663876264,-0.6160821030047005
1.3157976865768433,-2.7876740244374374,-0.613764116812919
1.3235770463943481,-2.7730144415392624,-0.6155385052461064
1.321061372756958,-2.7612444620214287,-0.6086447642133992
1.3030234575271606,-2.744893929518377,-0.6046114725464131
1.280317783355713,-2.724420559760312,-0.5968817701657317
1.2352516651153564,-2.7088597747598717,-0.5872649208405402
1.1962051391601562,-2.691942715114402,-0.5841719259757278
1.15207040309906,-2.6723745647123436,-0.5758799322685201
1.1104787588119507,-2.661195088053078,-0.5670316463305415
1.0487430095672607,-2.6562499413359517,-0.5640870030936064
0.997304677963257,-2.649552464450093,-0.5574497560563645
0.9486575722694398,-2.6518192892037313,-0.5556553685410234
0.8990941047668458,-2.652392368554022,-0.5547500868411459
0.8454804420471193,-2.656600242662161,-0.5534932759856425
0.8703044056892396,-2.654725128364914,-0.5558677292182288
0.9231637120246888,-2.6656301867360974,-0.5576735607251004
0.9650307297706605,-2.650280227900419,-0.5580540476364678
0.9510782957077027,-2.653536896885486,-0.5588231274683574
0.9611489176750184,-2.6663649321834013,-0.5592877765611283
0.9878037571907045,-2.6643047211897946,-0.5639152141915895
0.9989626407623292,-2.656371441123303,-0.5637318359756865
1.0099173784255981,-2.663863370191199,-0.5655547634937569
1.0226171016693115,-2.6517350712555947,-0.5679440245402536
1.0426313877105713,-2.675938044685218,-0.5714845001973491
1.0524245500564575,-2.6820585200685505,-0.5742928045314394
1.0818449258804321,-2.7006912728326835,-0.5788815615727707
1.1232558488845825,-2.7267346728524116,-0.5899672507048362
1.1471010446548462,-2.7603759529642447,-0.5992245038972419
1.1482150554656982,-2.7616289935761587,-0.6109935890763348
1.1375706195831299,-2.7704150698559373,-0.6165871531788868
1.1623896360397339,-2.766047999084228,-0.6142984062214958
1.1478271484375,-2.766306922241634,-0.6132862377275397
1.1560684442520142,-2.774102463783811,-0.6228173614837599
1.143674612045288,-2.769619585262522,-0.6195412590596722
1.1529896259307861,-2.7777984987918845,-0.6202252769293012
1.153067708015442,-2.7782946691557786,-0.6235978987703752
1.1342092752456665,-2.784291927039661,-0.6192443821149382
1.1209607124328613,-2.804628872566204,-0.6167914067629653
1.1417583227157593,-2.7830474309499578,-0.6247321149620112
1.1208914518356323,-2.7917978546385487,-0.6253061179646315
1.1054860353469849,-2.801990128334765,-0.6262694114204672
1.0962841510772705,-2.809635006304435,-0.6288598809113575
1.0900553464889526,-2.8088415313792865,-0.636098228789007
1.0502043962478638,-2.806407993180287,-0.630252335489598
0.999970853328705,-2.812574378839821,-0.625206162895366
0.9903236031532289,-2.781081989558285,-0.6168991586907984
0.9979990720748902,-2.7706491153714707,-0.6079284907302354
1.0013236999511719,-2.7932157923060252,-0.61462527713649
1.044773817062378,-2.782754466304926,-0.615824585240442
1.069619059562683,-2.7675599239697632,-0.6150194236337273
1.103829264640808,-2.790672331519815,-0.6233369482903663
1.1087127923965454,-2.7821063353864455,-0.6229861922344127
1.1301078796386719,-2.790890458674881,-0.6204229777713378
1.0870909690856934,-2.808097436368723,-0.6257605215024878
1.1086643934249878,-2.7932510013293173,-0.6256297949350733
1.0953320264816284,-2.804203360434463,-0.628265618093448
1.1169294118881226,-2.7927600968060946,-0.630062038679729
1.116247534751892,-2.7922723968777388,-0.6319600247843371
1.1090642213821411,-2.7996678941876607,-0.6328583528666467
1.122862458229065,-2.7909328859171243,-0.6348577633923401
1.1136213541030884,-2.797346263025303,-0.6356244268369399
1.0938688516616821,-2.8038989762108564,-0.6321656319916288
1.1101542711257935,-2.7965107057084797,-0.6315524999115563
1.095764398574829,-2.7998458535266786,-0.6291114319022476
1.1084911823272705,-2.795415895252029,-0.6300138485491825
1.109355092048645,-2.7925897841247753,-0.6335834433614168
1.1069105863571167,-2.7986173666230276,-0.6293050802453214
1.1214027404785156,-2.7850267370549093,-0.6312229873661268
1.1150063276290894,-2.7903214484526306,-0.6325104713439675
1.1222878694534302,-2.783982274202227,-0.6317181788810519
1.1074471473693848,-2.7975703533610234,-0.6296097216386306
1.108642578125,-2.8052595026865523,-0.6319187056306083
1.104495882987976,-2.817042420089988,-0.6326407598653777
1.0887733697891235,-2.8256332847325423,-0.6362660061256974
1.0920661687850952,-2.8171812523567907,-0.635042818575144
1.0338622331619263,-2.8248534912243244,-0.6379898351629957
1.0255110263824463,-2.8050762339517648,-0.6248384098520908
1.03632390499115,-2.791411058730859,-0.6229214606422551
1.045393705368042,-2.815993284515564,-0.6353328959159221
1.0634102821350098,-2.8043576218234816,-0.63798292681323
1.1139423847198486,-2.781900667831962,-0.6372128918825545
1.1111109256744385,-2.800753284718967,-0.6415502041746839
1.118835687637329,-2.787472669889781,-0.6313210749833674
1.104933738708496,-2.7684180214389875,-0.621222018340817
1.0697522163391113,-2.7403749198223335,-0.6076513663362513
1.03683340549469,-2.7101385637521083,-0.5942233603349312
0.9759168028831483,-2.68054850944234,-0.5885985948766772
0.9566596746444703,-2.6979187397441913,-0.5873984912813366
1.0001051425933838,-2.6940273942880713,-0.586084769564007
1.024750828742981,-2.7174295070540553,-0.5945737441829233
1.0323858261108398,-2.7447914542627285,-0.6033643516479517
1.0764901638031006,-2.7476839144536043,-0.609295845081362
1.0540213584899902,-2.7472748991301774,-0.6064694628547385
1.0692282915115356,-2.7513845878485252,-0.6072484271274976
1.0959593057632446,-2.750289716314818,-0.607489398424243
1.1141703128814697,-2.7580160861452665,-0.6159119489618319
1.1579906940460205,-2.7570646367722667,-0.6159086353766091
1.1691962480545044,-2.7584052447858958,-0.6197501314173294
1.1527678966522217,-2.7612142150921057,-0.6225387815265189
1.1342743635177612,-2.7272686948571536,-0.6143718926257975
1.108598232269287,-2.709997478971457,-0.6092848568237039
1.0734388828277588,-2.687830921095742,-0.5893677245584507
1.0530396699905396,-2.6585171225167987,-0.5772399716822345
1.0005348920822144,-2.641201303021003,-0.5718576055318108
0.9701080918312074,-2.6152306665468306,-0.5576536468820319
0.9225046634674073,-2.611390173193097,-0.5568642583074852
0.927069127559662,-2.604864895897393,-0.5553200473737524
0.947640895843506,-2.6437666811818166,-0.5728768533621161
0.9556519389152528,-2.675201726559835,-0.5778215378538936
0.9876998066902162,-2.6617509348540653,-0.5737320967810104
0.9890921711921693,-2.681240937298726,-0.5764297074787093
1.0016018152236938,-2.6674613005345704,-0.5740595168874257
1.0190967321395874,-2.666405888458182,-0.5783195958856867
1.0307029485702515,-2.6514668489829853,-0.5702847850502437
1.0434844493865967,-2.6300546893600267,-0.5646320577114473
1.035198450088501,-2.656581035349856,-0.5787735518709308
1.0597518682479858,-2.6550895422963707,-0.5825143967686429
1.0785335302352905,-2.648122840603551,-0.5845318658202601
1.0835673809051514,-2.6812545649579156,-0.5935316750533811
1.1181641817092896,-2.711713808958974,-0.6004563540080505
1.1462528705596924,-2.74078385330389,-0.6112178821019367
1.1261107921600342,-2.775658023126204,-0.6221818390686005
1.1021602153778076,-2.797731015705537,-0.6296840853800945
1.0868245363235474,-2.818757825237503,-0.636388378881358
1.0843747854232788,-2.833831243183921,-0.6408667359932105
1.0600463151931763,-2.8475142071942656,-0.6390635801231778
1.0062897205352783,-2.863359526439091,-0.6418737042696906
1.036539077758789,-2.8675238078970553,-0.6355969464028383
1.0833477973937988,-2.8383802851047197,-0.6341799471740556
1.1404203176498413,-2.8341652198755787,-0.6351126434909143
1.2020033597946167,-2.8374870509902905,-0.6378318549853708
1.2471610307693481,-2.836398867290616,-0.637723542740808
1.242345929145813,-2.82312974411603,-0.6394693668805999
1.242751955986023,-2.788618410576118,-0.6305210201662873
1.2293980121612549,-2.794775024646238,-0.634146767102525
1.2467066049575806,-2.7639870629780297,-0.6256969439884873
1.2308852672576904,-2.749506696040183,-0.6231606632979978
1.1847916841506958,-2.705429365488285,-0.6073568967167156
1.1609742641448975,-2.664777601504678,-0.5943396853911338
1.0833368301391602,-2.612332215956657,-0.5723674592374521
1.0566405057907104,-2.595010228477615,-0.5654799219513245
1.0500688552856445,-2.612884538542622,-0.5643230280786106
1.0566003322601318,-2.63966594984861,-0.573982307018685
1.0897276401519775,-2.6289726837908955,-0.5673371059306883
1.0839444398880005,-2.6636807120927184,-0.5859656401675702
1.0750625133514404,-2.668927077660403,-0.5853389325281164
1.0461757183074951,-2.6870551226133377,-0.582550562571636
1.0201923847198486,-2.6833693452681096,-0.5771729530617551
1.0209918022155762,-2.6899041424824555,-0.5815745586533836
1.0522551536560059,-2.6851943719330142,-0.5849710747793305
1.0637905597686768,-2.683087706644197,-0.5847282348364207
1.0783348083496094,-2.6923218955278023,-0.5898619921481244
1.0861246585845947,-2.6755183272404737,-0.5903285244676709
1.091949224472046,-2.6638112722187244,-0.584139415281453
1.0787452459335327,-2.6656966565757982,-0.5851070576783705
1.0585603713989258,-2.636501044195582,-0.5742280678528516
1.0444480180740356,-2.6200569997042162,-0.5648506177301708
1.0118094682693481,-2.5991489722782615,-0.5564669084934666
1.026080846786499,-2.6045852573749273,-0.5575471064165708
1.0193771123886108,-2.6327773485918655,-0.5714283547500915
1.0342713594436646,-2.6325803452984986,-0.5715684382988401
1.0358508825302124,-2.6517185974859725,-0.580239029031135
1.0358607769012451,-2.686947262673766,-0.5909149185860054
1.0399727821350098,-2.7063933176377644,-0.5970111364233784
1.0400787591934204,-2.7134975393222134,-0.5957768589740347
1.039931297302246,-2.6967199310570424,-0.5897110755369139
1.0450586080551147,-2.6770922120525644,-0.5831974636346476
1.0597152709960938,-2.701561468705064,-0.5896301243386554
1.1168298721313477,-2.697156541018216,-0.5925341917526868
1.160986065864563,-2.6845807484176003,-0.5915128284920207
1.1786667108535767,-2.666386083937648,-0.5858773334774814
1.1837984323501587,-2.6758475363422254,-0.5900193523683329
1.157507300376892,-2.651619555156439,-0.5807210683294403
1.1317847967147827,-2.6171976686851965,-0.5712263398481802
1.0996712446212769,-2.5793143067813364,-0.5671916578325273
1.0844407081604004,-2.552139574819029,-0.5642290219483681
1.0657542943954468,-2.5592501880066596,-0.5708912811729863
1.0780158042907715,-2.552043992717761,-0.5693639445806232
1.1055976152420044,-2.5933967258721893,-0.5752376069997016
1.1256378889083862,-2.6170649980563385,-0.5813264607707688
1.1416089534759521,-2.635654265281724,-0.5859864907635912
1.149718999862671,-2.650235574970907,-0.5910897664782436
1.1493765115737915,-2.6861881469103164,-0.6049950260416729
1.1517401933670044,-2.6837616820191816,-0.6009807676910792
1.1165721416473389,-2.70102645460643,-0.6015014890432374
1.0641868114471436,-2.701923815687925,-0.59991503880254
1.010670781135559,-2.700188769054915,-0.5920288642575183
1.0105955600738525,-2.681166131646001,-0.5837231140777899
1.011619210243225,-2.6585673482117644,-0.5811999433495563
1.046775221824646,-2.636806524654963,-0.5750093426623186
1.0397064685821533,-2.6857518411079737,-0.5922217117566904
1.0809428691864014,-2.7073850867329443,-0.6012390504429826
1.107086181640625,-2.7268519314864603,-0.6103670941491154
1.101094365119934,-2.760957495636913,-0.6185915361030581
1.0955984592437744,-2.770063923382189,-0.6244175538940273
1.0803977251052856,-2.7815986864953657,-0.6281930606944895
1.1110221147537231,-2.774515798334944,-0.6311193863794172
1.0934441089630127,-2.781398702944886,-0.6288120461632547
1.1084208488464355,-2.7779295242371838,-0.6320101170986829
1.0962241888046265,-2.7928644655972534,-0.6352691252935666
1.0822792053222656,-2.8111805361757516,-0.6368588697677504
1.1061246395111084,-2.801344975346151,-0.6342178865103595
1.094313621520996,-2.808121773669052,-0.6373395179251139
1.0532221794128418,-2.808781092714424,-0.6376424294350614
1.051468849182129,-2.7780440242710505,-0.6242301103670851
1.0290567874908447,-2.7769300630098392,-0.624599278142686
1.0332568883895874,-2.759651189272331,-0.6152370654993611
1.0359578132629395,-2.783307625678999,-0.6223264438632047
1.032752513885498,-2.765939236874675,-0.6210905168944263
1.040501594543457,-2.7785294336456556,-0.6209157132303206
1.0658624172210693,-2.794907451217734,-0.6288960174500322
1.06605064868927,-2.8029190219956455,-0.6317404340746021
1.0872583389282227,-2.80457483165865,-0.6372078460171271
1.100703239440918,-2.810055513622767,-0.6438573884723597
1.0833741426467896,-2.8007209190760713,-0.6405196762191473
1.0463937520980835,-2.798263591256705,-0.6406651388399358
1.009283185005188,-2.790582827063296,-0.618965536784418
0.9274648427963258,-2.755347055982616,-0.6136691272683871
0.9215336441993714,-2.7258396373270832,-0.6026111846818053
0.9445642232894899,-2.7126845991928463,-0.5995167452990589
0.9613367915153505,-2.747657350496787,-0.6086428117186812
0.9910057187080384,-2.7810400741305537,-0.6230737288397429
1.0185710191726685,-2.787007535749125,-0.6309025753921748
1.0070339441299438,-2.7956634203683266,-0.6341333461813953
1.0000320672988892,-2.790120171413292,-0.6383103501869396
1.017629861831665,-2.785541522784143,-0.6406049686012907
1.0081243515014648,-2.783659060047589,-0.6436682232566404
1.0221980810165405,-2.7794775959641806,-0.6427437113115076
1.0248847007751465,-2.775922066027219,-0.6469557993568409
1.01644766330719,-2.7772648378216442,-0.6484858077797748
1.0320169925689697,-2.7692198503770817,-0.6479524735804157
1.0282841920852661,-2.770101831822621,-0.6496576461185956
1.0309653282165527,-2.769378050340674,-0.6496288874352016
1.0269169807434082,-2.7713935919183,-0.6517149840247898
1.0291485786437988,-2.769844640093358,-0.6513656332840989
1.027283787727356,-2.7678070809439186,-0.6530901202633428
1.0311440229415894,-2.769528258162519,-0.6519299404994643
1.0301700830459595,-2.7689024070963675,-0.6520496199963782
1.029173731803894,-2.768804739330144,-0.6534029963722143
1.0308098793029785,-2.7686802270940256,-0.654633327072915
1.0299416780471802,-2.767988989053857,-0.6546758041375482
1.030144453048706,-2.7684930855417096,-0.6541004182125231
1.031987190246582,-2.7674672326652154,-0.6553895239216505
1.0314322710037231,-2.7658073418905746,-0.6547262484356499
1.0337952375411987,-2.763940370651949,-0.6539575146300867
1.036309003829956,-2.765868053706934,-0.6540615501684063
1.0379637479782104,-2.7621932709299974,-0.653101889419239
1.040489912033081,-2.761068570718695,-0.6527915898619479
1.0404212474822998,-2.76143423222866,-0.6544577957309111
1.0426260232925415,-2.7602614375785786,-0.6543024565493927
1.0429909229278564,-2.759887120688909,-0.6555696559414297
1.0435421466827393,-2.768625505861376,-0.6606026327615873
1.0420340299606323,-2.7658278949667814,-0.6571032970515798
1.039789080619812,-2.7667431705554018,-0.6553234739984183
1.0411252975463867,-2.768403598355709,-0.6574871524979208
1.0384870767593384,-2.7711653699220067,-0.6572911234908428
1.038233995437622,-2.7689098161401646,-0.6580154202540761
1.0388585329055786,-2.7699093574891935,-0.6585372743715098
1.039290428161621,-2.769192811680261,-0.6576978419906813
1.0363184213638306,-2.7706763905984264,-0.6577899878620561
1.0352145433425903,-2.7726625440689436,-0.6578706113765079
1.0361818075180054,-2.768377474836647,-0.6582213132440187
1.034360647201538,-2.77102026688407,-0.658439957530232
1.0336003303527832,-2.7704311317157155,-0.6589767645706589
1.036932110786438,-2.7702126172189736,-0.6587427020967377
1.0357561111450195,-2.7667593877889165,-0.6596220904133943
1.0372037887573242,-2.766868770271347,-0.6593592497697266
1.037371277809143,-2.7669440284305744,-0.6602953158081344
1.0382059812545776,-2.765947816818344,-0.6585705425554188
1.0376189947128296,-2.764817434916707,-0.6592228599853726
1.0403938293457031,-2.7614971916196986,-0.660171551114248
1.0389466285705566,-2.7632330906995803,-0.6605462579455192
1.0396262407302856,-2.76601697619992,-0.6600252946839783
1.0397379398345947,-2.7630923496022453,-0.6593148181548636
1.0410304069519043,-2.7634943542905304,-0.6617411864621889
1.0402261018753052,-2.763458220068714,-0.6607362937362589
1.0411173105239868,-2.763754340649523,-0.6609309676534448
1.0404677391052246,-2.761769447547911,-0.6609488193090371
1.0366401672363281,-2.761668537675316,-0.6590289035751586
1.0398063659667969,-2.7578132894594445,-0.6595549404276786
1.0392979383468628,-2.7604262054813637,-0.6597710942462962
1.0406965017318726,-2.7604319726065927,-0.6604736403720393
1.0401818752288818,-2.7567682378591902,-0.6623972497193702
