0.9151007005533605,-0.9151007005533605,0.0,0.0,-0.9151007005533605,0.9151007005533605,2.7427173256874084,2.7427173256874084,1.6722642674405035,1.6722642674405035,2.7427173256874084,2.7427173256874084
0.3559716826771716,0.7152793314555891,0.0,0.0,-0.3559716826771716,-0.7152793314555891,0.5593459393810353,-1.052606999874115,0.42225588627301164,-0.9866172762394436,0.5593459393810353,-1.052606999874115
0.45431336080873885,1.0998960685380823,0.0,0.0,-0.45431336080873885,-1.0998960685380823,0.36825999964385153,-0.7478228956460953,0.16707541650477736,-0.6719656618571115,0.36825999964385153,-0.7478228956460953
0.3871547194143643,0.8302317620042239,0.0,0.0,-0.3871547194143643,-0.8302317620042239,0.4175304088466428,-0.8162357211112976,0.28170973654612763,-0.7558237134222,0.4175304088466428,-0.8162357211112976
0.5639765122933695,1.5282632440057837,0.0,0.0,-0.5639765122933695,-1.5282632440057837,0.22178216860057184,-0.4145189970731735,0.009430235422815802,-0.35032498906801796,0.22178216860057184,-0.4145189970731735
-0.3417350592487164,-0.22596441184837557,0.0,0.0,0.3417350592487164,0.22596441184837557,-1.3155597849819662,1.9677777886390686,-1.2394870495888775,1.917753900712499,-1.3155597849819662,1.9677777886390686
-0.13679527010826734,-0.11311274356596228,0.0,0.0,0.13679527010826734,0.11311274356596228,-2.4830790877287243,3.0,-2.4598824323987474,2.980828714520219,-2.4830790877287243,3.0
-0.5268265828497862,-0.29783676155313743,0.0,0.0,0.5268265828497862,0.29783676155313743,-0.7937494374615837,1.3599847555160522,-0.6861225632556507,1.3001094329224676,-0.7937494374615837,1.3599847555160522
0.9151007005533605,-0.9151007005533605,0.0,0.0,-0.9151007005533605,0.9151007005533605,3.0,3.0,1.8291322825490774,1.8291322825490774,3.0,3.0
0.9151007005533605,-0.9151007005533605,0.0,0.0,-0.9151007005533605,0.9151007005533605,3.0,3.0,1.8291322825490774,1.8291322825490774,3.0,3.0
0.30455156266770644,0.5467761235847683,0.0,0.0,-0.30455156266770644,-0.5467761235847683,0.727178626087221,-1.2608537077903748,0.6211597403675837,-1.2028311358059207,0.727178626087221,-1.2608537077903748
0.3683867649659494,0.7599885535664506,0.0,0.0,-0.3683867649659494,-0.7599885535664506,0.4718768976760313,-0.9027280211448669,0.3420370891264867,-0.842163549399932,0.4718768976760313,-0.9027280211448669
0.3820009659749311,0.8106431669276811,0.0,0.0,-0.3820009659749311,-0.8106431669276811,0.5175488905819181,-1.0061846673488617,0.3566079815303425,-0.9336594578091683,0.5175488905819181,-1.0061846673488617
0.3580907512954616,0.7228057298611406,0.0,0.0,-0.3580907512954616,-0.7228057298611406,0.5898384328319988,-1.1132320761680603,0.4423509353839419,-1.042617201372963,0.5898384328319988,-1.1132320761680603
0.3265298258694171,0.6154105861526178,0.0,0.0,-0.3265298258694171,-0.6154105861526178,0.557104460341815,-1.0026649832725525,0.45489611887344,-0.9496852994093999,0.557104460341815,-1.0026649832725525
0.9151007005533605,-0.9151007005533605,0.0,0.0,-0.9151007005533605,0.9151007005533605,3.0,3.0,1.8291322825490774,1.8291322825490774,3.0,3.0
0.4119568191072269,0.9272445020634711,0.0,0.0,-0.4119568191072269,-0.9272445020634711,0.4448630584042056,-0.8887963593006134,0.26693588401712615,-0.8144388213667654,0.4448630584042056,-0.8887963593006134
0.9151007005533605,-0.9151007005533605,0.0,0.0,-0.9151007005533605,0.9151007005533605,3.0,3.0,1.8291322825490774,1.8291322825490774,3.0,3.0
0.9151007005533605,-0.9151007005533605,0.0,0.0,-0.9151007005533605,0.9151007005533605,2.999117374420166,2.999117374420166,1.8285941362352511,1.8285941362352511,2.999117374420166,2.999117374420166
-0.22299630150112212,-0.16655885530728184,0.0,0.0,0.22299630150112212,0.16655885530728184,-2.1519637066465007,2.8705782294273376,-2.0986793375481585,2.8308526168612205,-2.1519637066465007,2.8705782294273376
0.03602432131304926,0.038136982650250166,0.0,0.0,-0.03602432131304926,-0.038136982650250166,-2.86491322517395,2.7062772850855445,-2.86305445316421,2.704309478920043,-2.86491322517395,2.7062772850855445
0.11997409478544721,0.14693585926458302,0.0,0.0,-0.11997409478544721,-0.14693585926458302,-2.6358681321144104,2.1547896472774517,-2.6169208179333743,2.1315703557356147,-2.6358681321144104,2.1547896472774517
0.15073990414661284,0.19567363098858095,0.0,0.0,-0.15073990414661284,-0.19567363098858095,-2.53597354888916,1.958707686863652,-2.5072162108769485,1.921329511041102,-2.53597354888916,1.958707686863652
0.1680606235712712,0.22567615501595725,0.0,0.0,-0.1680606235712712,-0.22567615501595725,-2.729298233985901,2.0402231070535253,-2.6908452098010165,1.9884892304525215,-2.729298233985901,2.0402231070535253
0.1679675564880744,0.2255096351884239,0.0,0.0,-0.1679675564880744,-0.2255096351884239,-3.0,2.2429765797000893,-2.9577797538039645,2.1861850354203214,-3.0,2.2429765797000893
0.1679675564880744,0.2255096351884239,0.0,0.0,-0.1679675564880744,-0.2255096351884239,-3.0,2.2429765797000893,-2.9577797538039645,2.1861850354203214,-3.0,2.2429765797000893
0.1787070903910788,0.24512044395600605,0.0,0.0,-0.1787070903910788,-0.24512044395600605,-2.7885907888412476,2.04263477804345,-2.7441806385962684,1.9815765506558123,-2.7885907888412476,2.04263477804345
0.1679675564880744,0.2255096351884239,0.0,0.0,-0.1679675564880744,-0.2255096351884239,-3.0,2.2429765797000893,-2.9577797538039645,2.1861850354203214,-3.0,2.2429765797000893
0.2483321315692868,0.3940109445080627,0.0,0.0,-0.2483321315692868,-0.3940109445080627,-1.8570910692214966,1.1889965386707095,-1.8001224071053112,1.0978917114867506,-1.8570910692214966,1.1889965386707095
0.15771116448337397,0.20751380285709675,0.0,0.0,-0.15771116448337397,-0.20751380285709675,-3.0,2.2869479006073856,-2.962768050902249,2.2378840951978813,-3.0,2.2869479006073856
0.1679675564880744,0.2255096351884239,0.0,0.0,-0.1679675564880744,-0.2255096351884239,-3.0,2.2429765797000893,-2.9577797538039645,2.1861850354203214,-3.0,2.2429765797000893
0.17250255432755082,0.233692825427027,0.0,0.0,-0.17250255432755082,-0.233692825427027,-2.844096064567566,2.1081357475617706,-2.801884824336082,2.0508321419618794,-2.844096064567566,2.1081357475617706
-0.019940788467656553,-0.019347324925815618,0.0,0.0,0.019940788467656553,0.019347324925815618,-2.9107274483932697,3.0,-2.9101487639495422,2.999438539041441,-2.9107274483932697,3.0
-0.2255096351884239,-0.1679675564880744,0.0,0.0,0.2255096351884239,0.1679675564880744,-2.2429765797000893,3.0,-2.1861850354203214,2.9577797538039645,-2.2429765797000893,3.0
-0.23446845622141382,-0.17292835956055938,0.0,0.0,0.23446845622141382,0.17292835956055938,-2.1471736155090277,2.8991153240203857,-2.088422587014133,2.855875352458948,-2.1471736155090277,2.8991153240203857
-1.411973989880649,-0.532075718241711,0.0,0.0,1.411973989880649,0.532075718241711,-0.26810775735045295,0.521823987364769,-0.04240270978885664,0.44968488304057447,-0.26810775735045295,0.521823987364769
0.9151007005533605,-0.9151007005533605,0.0,0.0,-0.9151007005533605,0.9151007005533605,2.6498830318450928,2.6498830318450928,1.615662199508961,1.615662199508961,2.6498830318450928,2.6498830318450928
0.5277676653111374,1.3955785975615742,0.0,0.0,-0.5277676653111374,-1.3955785975615742,0.2831132156368823,-0.5535643994808197,0.04935301407015399,-0.4782427955569362,0.2831132156368823,-0.5535643994808197
-0.5616778262401093,-0.30946572390275306,0.0,0.0,0.5616778262401093,0.30946572390275306,-0.5101698852417059,0.8922024071216583,-0.4317887517040932,0.8498195982467838,-0.5101698852417059,0.8922024071216583
-0.02889091741744183,-0.027661747579049527,0.0,0.0,0.02889091741744183,0.027661747579049527,-2.4511387715406467,2.560027241706848,-2.4501158781764842,2.559047873218457,-2.4511387715406467,2.560027241706848
0.12252777486210328,0.15077488337242492,0.0,0.0,-0.12252777486210328,-0.15077488337242492,-2.6618235111236572,2.165929415618029,-2.641867444469306,2.141356911683703,-2.6618235111236572,2.165929415618029
0.23400289218868095,0.3600031391196444,0.0,0.0,-0.23400289218868095,-0.3600031391196444,-1.2362238764762878,0.8136977652874122,-1.202531864825931,0.761536254150385,-1.2362238764762878,0.8136977652874122
0.1683108724229279,0.22612420384449944,0.0,0.0,-0.1683108724229279,-0.22612420384449944,-2.31369549036026,1.7287264999099583,-2.281000963252415,1.6847177460144396,-2.31369549036026,1.7287264999099583
0.09829319171886707,0.11572724212620977,0.0,0.0,-0.09829319171886707,-0.11572724212620977,-2.811422646045685,2.389374677294514,-2.7978522248740845,2.373392324507393,-2.811422646045685,2.389374677294514
-0.032679089226545686,-0.031115282313696643,0.0,0.0,0.032679089226545686,0.031115282313696643,-2.8564871705832244,3.0,-2.8549620523237076,2.9985478759729425,-2.8564871705832244,3.0
-0.13665830238321214,-0.11301889443874037,0.0,0.0,0.13665830238321214,0.11301889443874037,-2.483498794183291,3.0,-2.460344582100215,2.980860480123151,-2.483498794183291,3.0
-0.1718827174081816,-0.1361578486756311,0.0,0.0,0.1718827174081816,0.1361578486756311,-2.3273778832465144,2.932639002799988,-2.2930828012820457,2.9054969356125975,-2.3273778832465144,2.932639002799988
-0.05015023501203951,-0.04656067800429899,0.0,0.0,0.05015023501203951,0.04656067800429899,-2.7854329541881775,3.0,-2.781930942152493,2.9967487423252512,-2.7854329541881775,3.0
0.015832074917074727,0.016227289789695162,0.0,0.0,-0.015832074917074727,-0.016227289789695162,-3.0,2.926941323379726,-2.9996240259591307,2.926555963520794,-3.0,2.926941323379726
0.018094221550387948,0.018612278293411666,0.0,0.0,-0.018094221550387948,-0.018612278293411666,-3.0,2.916506826293497,-2.999508912118497,2.9160016772448625,-3.0,2.916506826293497
-0.01303329409073732,-0.012777111614332698,0.0,0.0,0.01303329409073732,0.012777111614332698,-2.9410352301474334,3.0,-2.9407854416281296,2.9997551214596814,-2.9410352301474334,3.0
-0.059623445946071774,-0.05461878918968178,0.0,0.0,0.059623445946071774,0.05461878918968178,-2.7484487532880864,3.0,-2.743564894130328,2.9955262941348924,-2.7484487532880864,3.0
-0.07358683666219855,-0.06611414988962032,0.0,0.0,0.07358683666219855,0.06611414988962032,-2.5710219769610876,2.861118972301483,-2.564064046625377,2.8548681585746656,-2.5710219769610876,2.861118972301483
-0.20801406509498954,-0.15800172048241584,0.0,0.0,0.20801406509498954,0.15800172048241584,-2.2856955119926416,3.0,-2.2364227134929604,2.9626310232433455,-2.2856955119926416,3.0
-0.2255096351884239,-0.1679675564880744,0.0,0.0,0.2255096351884239,0.1679675564880744,-2.2429765797000893,3.0,-2.1861850354203214,2.9577797538039645,-2.2429765797000893,3.0
-0.18704093505601058,-0.1455397778567306,0.0,0.0,0.18704093505601058,0.1455397778567306,-2.339738008710813,3.0,-2.2989301252156227,2.968283303732627,-2.339738008710813,3.0
-0.9116754700394858,-0.40804535395987596,0.0,0.0,0.9116754700394858,0.40804535395987596,-0.4533703474995541,0.903197854757309,-0.2776540197459623,0.8290436945827584,-0.4533703474995541,0.903197854757309
0.39276047061744473,0.8517778152548293,0.0,0.0,-0.39276047061744473,-0.8517778152548293,0.43316177677747353,-0.8515795469284058,0.285300473413025,-0.7867369064785681,0.43316177677747353,-0.8515795469284058
0.2808384973481541,0.478432191177677,0.0,0.0,-0.2808384973481541,-0.478432191177677,0.9287588155867945,-1.5427451133728027,0.8244757453393796,-1.4823055696982328,0.9287588155867945,-1.5427451133728027
0.36342169537671715,0.7419322225575667,0.0,0.0,-0.36342169537671715,-0.7419322225575667,0.5298868110269286,-1.0072499513626099,0.390613643678712,-0.9414624000179997,0.5298868110269286,-1.0072499513626099
0.9151007005533605,-0.9151007005533605,0.0,0.0,-0.9151007005533605,0.9151007005533605,2.959174633026123,2.959174633026123,1.8042406169894667,1.8042406169894667,2.959174633026123,2.959174633026123
0.5388612269665177,1.4374844518148482,0.0,0.0,-0.5388612269665177,-1.4374844518148482,0.273607935258411,-0.5284527540206909,0.036367242978637034,-0.45356762159302033,0.273607935258411,-0.5284527540206909
0.251017063087331,0.40059483366293636,0.0,0.0,-0.251017063087331,-0.40059483366293636,1.1664886726471844,-1.8313636779785156,1.0741368218285237,-1.7739692809100973,1.1664886726471844,-1.8313636779785156
0.9151007005533605,-0.9151007005533605,0.0,0.0,-0.9151007005533605,0.9151007005533605,2.7133984565734863,2.7133984565734863,1.6543882374458012,1.6543882374458012,2.7133984565734863,2.7133984565734863
0.0909285013478157,0.10566232683052,0.0,0.0,-0.0909285013478157,-0.10566232683052,-2.8100130558013916,2.4193460665240694,-2.798404474179594,2.405853199374305,-2.8100130558013916,2.4193460665240694
0.1679675564880744,0.2255096351884239,0.0,0.0,-0.1679675564880744,-0.2255096351884239,-3.0,2.2429765797000893,-2.9577797538039645,2.1861850354203214,-3.0,2.2429765797000893
0.16806584290499127,0.22568549542807861,0.0,0.0,-0.16806584290499127,-0.22568549542807861,-2.8912273049354553,2.1612479601971306,-2.8504903413494707,2.1064407427645677,-2.8912273049354553,2.1612479601971306
0.156757973124495,0.20587649566736768,0.0,0.0,-0.156757973124495,-0.20587649566736768,-2.938646078109741,2.244203957115241,-2.902614187005713,2.1968112680311846,-2.938646078109741,2.244203957115241
0.14946149411034207,0.19353576259602995,0.0,0.0,-0.14946149411034207,-0.19353576259602995,-2.786582350730896,2.1574283994709837,-2.755515880695105,2.1171499404156338,-2.786582350730896,2.1574283994709837
0.1679675564880744,0.2255096351884239,0.0,0.0,-0.1679675564880744,-0.2255096351884239,-3.0,2.2429765797000893,-2.9577797538039645,2.1861850354203214,-3.0,2.2429765797000893
0.18028669315054477,0.24807335561619734,0.0,0.0,-0.18028669315054477,-0.24807335561619734,-2.759599506855011,2.015292110718216,-2.7148728171360896,1.9535985428211984,-2.759599506855011,2.015292110718216
0.1852885853566807,0.25754278920628004,0.0,0.0,-0.1852885853566807,-0.25754278920628004,-2.665840744972229,1.9282230074898372,-2.620209883303011,1.864627823888146,-2.665840744972229,1.9282230074898372
0.19069781270167452,0.26799037515638935,0.0,0.0,-0.19069781270167452,-0.26799037515638935,-2.5804041624069214,1.8470971562751055,-2.533627132223041,1.7811649863191694,-2.5804041624069214,1.8470971562751055
0.1679675564880744,0.2255096351884239,0.0,0.0,-0.1679675564880744,-0.2255096351884239,-3.0,2.2429765797000893,-2.9577797538039645,2.1861850354203214,-3.0,2.2429765797000893
0.17230751465178168,0.23333796885069116,0.0,0.0,-0.17230751465178168,-0.23333796885069116,-2.9114261269569397,2.1588455775145756,-2.8683130085058295,2.1003408412899365,-2.9114261269569397,2.1588455775145756
0.17693057245803337,0.24182068632045237,0.0,0.0,-0.17693057245803337,-0.24182068632045237,-2.8218079805374146,2.0740042258943094,-2.777755538710762,2.0136581345504334,-2.8218079805374146,2.0740042258943094
0.1679675564880744,0.2255096351884239,0.0,0.0,-0.1679675564880744,-0.2255096351884239,-3.0,2.2429765797000893,-2.9577797538039645,2.1861850354203214,-3.0,2.2429765797000893
0.18231149726046939,0.25188476878467475,0.0,0.0,-0.18231149726046939,-0.25188476878467475,-2.7231640219688416,1.980977727876164,-2.678033673947328,1.918466790588702,-2.7231640219688416,1.980977727876164
0.18332954100918597,0.253812309578352,0.0,0.0,-0.18332954100918597,-0.253812309578352,-2.705145478248596,1.9640289763072774,-2.6598130675100538,1.9011058138312626,-2.705145478248596,1.9640289763072774
0.18706445024273485,0.2609488101454422,0.0,0.0,-0.18706445024273485,-0.2609488101454422,-2.640701472759247,1.9035288638560663,-2.594632871796338,1.839086079199781,-2.640701472759247,1.9035288638560663
0.17399066148679085,0.23640900712545773,0.0,0.0,-0.17399066148679085,-0.23640900712545773,-2.8782525658607483,2.127405856314106,-2.8347960504277223,2.0682326977678764,-2.8782525658607483,2.127405856314106
0.20525217260431888,0.29720847478649765,0.0,0.0,-0.20525217260431888,-0.29720847478649765,-2.0172078609466553,1.4039002519923487,-1.9748659000537343,1.3423500610773056,-2.0172078609466553,1.4039002519923487
-0.5391905615800778,-0.3020171429638655,0.0,0.0,0.5391905615800778,0.3020171429638655,1.427721530199051,-0.8271067730029912,1.3631006257214167,-0.7097606371134003,1.427721530199051,-0.8271067730029912
-0.314136671876638,-0.21332394288390313,0.0,0.0,0.314136671876638,0.21332394288390313,2.250583291053772,-1.5419972645860738,2.199568428972184,-1.4665373120898317,2.250583291053772,-1.5419972645860738
-0.5364141335560316,-0.30108380168228577,0.0,0.0,0.5364141335560316,0.30108380168228577,1.3830108046531677,-0.8025314397855805,1.3207969526185415,-0.689813319749148,1.3830108046531677,-0.8025314397855805
-0.4439916832131452,-0.2680562985651886,0.0,0.0,0.4439916832131452,0.2680562985651886,1.6798542737960815,-1.0357928086953998,1.6198625146050227,-0.9353667342687847,1.6798542737960815,-1.0357928086953998
-0.7015731682595672,-0.35208027350341514,0.0,0.0,0.7015731682595672,0.35208027350341514,1.1296634674072266,-0.6035848769393467,1.0603669275009544,-0.46103489565669853,1.1296634674072266,-0.6035848769393467
0.9151007005533605,-0.9151007005533605,0.0,0.0,-0.9151007005533605,0.9151007005533605,-2.655138373374939,-2.655138373374939,-1.6188664377916486,-1.6188664377916486,-2.655138373374939,-2.655138373374939
0.558695407788109,1.5096761241609375,0.0,0.0,-0.558695407788109,-1.5096761241609375,-0.4857999086380005,0.25799476428179935,-0.41193275545699953,0.015758876309171648,-0.4857999086380005,0.25799476428179935
0.3962302866655533,0.8652331780517193,0.0,0.0,-0.3962302866655533,-0.8652331780517193,-0.9483282566070557,0.48079180780622827,-0.8748540986977241,0.31177551889526345,-0.9483282566070557,0.48079180780622827
0.18335868093847021,0.25386759342560733,0.0,0.0,-0.18335868093847021,-0.25386759342560733,-2.673805832862854,1.9411667176233716,-2.628984401799798,1.878949062285595,-2.673805832862854,1.9411667176233716
0.18772004077973875,0.26221209191421835,0.0,0.0,-0.18772004077973875,-0.26221209191421835,-2.5753666162490845,1.8540926610372368,-2.5301232785845436,1.7907177869383224,-2.5753666162490845,1.8540926610372368
0.1826104916635959,0.25245009698241017,0.0,0.0,-0.1826104916635959,-0.25245009698241017,-2.717851459980011,1.975979127165828,-2.67266170523871,1.9133472092458905,-2.717851459980011,1.975979127165828
0.16912405052674614,0.2275830756760836,0.0,0.0,-0.16912405052674614,-0.2275830756760836,-2.975957214832306,2.2201138038907446,-2.9334979951511615,2.1628671816063183,-2.975957214832306,2.2201138038907446
0.14549889530365706,0.18697372829666412,0.0,0.0,-0.14549889530365706,-0.18697372829666412,-3.0,2.3399163611584974,-2.9683010884155028,2.2991346043035152,-3.0,2.3399163611584974
0.11446438425639516,0.1387730631796877,0.0,0.0,-0.11446438425639516,-0.1387730631796877,-3.0,2.4770371173701986,-2.980368305848393,2.4532240255091438,-3.0,2.4770371173701986
-0.1508815427689186,-0.12259838602707084,0.0,0.0,0.1508815427689186,0.12259838602707084,-1.998850868683136,2.456807792186737,-1.976141839317324,2.4383675485075256,-1.998850868683136,2.456807792186737
-0.2255096351884239,-0.1679675564880744,0.0,0.0,0.2255096351884239,0.1679675564880744,-2.2429765797000893,3.0,-2.1861850354203214,2.9577797538039645,-2.2429765797000893,3.0
-0.23097284372464535,-0.17100385475574748,0.0,0.0,0.23097284372464535,0.17100385475574748,-2.1012610436113675,2.826736629009247,-2.0454602658746035,2.785507080525129,-2.1012610436113675,2.826736629009247
-0.20263575682575352,-0.1548611626697142,0.0,0.0,0.20263575682575352,0.1548611626697142,-2.2986255113853318,2.9991822838783264,-2.2515945531572745,2.9632909344419165,-2.2986255113853318,2.9991822838783264
0.9151007005533605,-0.9151007005533605,0.0,0.0,-0.9151007005533605,0.9151007005533605,2.805395185947418,2.805395185947418,1.7104796333080645,1.7104796333080645,2.805395185947418,2.805395185947418
0.45873160088164083,1.1181178957502025,0.0,0.0,-0.45873160088164083,-1.1181178957502025,0.36168388279604546,-0.7345222234725952,0.15819176184516012,-0.6585835552277155,0.36168388279604546,-0.7345222234725952
0.9151007005533605,-0.9151007005533605,0.0,0.0,-0.9151007005533605,0.9151007005533605,3.0,3.0,1.8291322825490774,1.8291322825490774,3.0,3.0
0.9151007005533605,-0.9151007005533605,0.0,0.0,-0.9151007005533605,0.9151007005533605,2.9443445205688477,2.9443445205688477,1.7951985378396547,1.7951985378396547,2.9443445205688477,2.9443445205688477
0.9151007005533605,-0.9151007005533605,0.0,0.0,-0.9151007005533605,0.9151007005533605,3.0,3.0,1.8291322825490774,1.8291322825490774,3.0,3.0
0.9151007005533605,-0.9151007005533605,0.0,0.0,-0.9151007005533605,0.9151007005533605,2.6659258604049683,2.6659258604049683,1.6254436847163838,1.6254436847163838,2.6659258604049683,2.6659258604049683
0.1542790094159357,0.2016457655796876,0.0,0.0,-0.1542790094159357,-0.2016457655796876,-2.8147847056388855,2.1596622814830404,-2.781352327070282,2.1159038253808267,-2.8147847056388855,2.1596622814830404
0.1570960245482605,0.20645649737307492,0.0,0.0,-0.1570960245482605,-0.20645649737307492,-2.8775882720947266,2.1961759420393374,-2.8421530061344367,2.1495367442717215,-2.8775882720947266,2.1961759420393374
0.5676821748264398,1.541139227573617,0.0,0.0,-0.5676821748264398,-1.541139227573617,-0.467354491353035,0.2513973485085693,-0.3940496988427364,0.0074546232189324525,-0.467354491353035,0.2513973485085693
0.9151007005533605,-0.9151007005533605,0.0,0.0,-0.9151007005533605,0.9151007005533605,-2.606747567653656,-2.606747567653656,-1.5893620428171957,-1.5893620428171957,-2.606747567653656,-2.606747567653656
-1.5638322526614135,-0.574313335782404,0.0,0.0,1.5638322526614135,0.574313335782404,0.3828982561826706,-0.20801774560127553,0.32146817985376297,-0.0014486392919503522,0.3828982561826706,-0.20801774560127553
-0.4106153855357485,-0.25505108262556325,0.0,0.0,0.4106153855357485,0.25505108262556325,1.7937061786651611,-1.1336991515142103,1.735680517533671,-1.0394608072017038,1.7937061786651611,-1.1336991515142103
-0.44031251288686246,-0.26665379780645165,0.0,0.0,0.44031251288686246,0.26665379780645165,1.6916102170944214,-1.0458106620191057,1.6318253902397284,-0.9460596801712072,1.6916102170944214,-1.0458106620191057
-0.5096216623823169,-0.29191340351933653,0.0,0.0,0.5096216623823169,0.29191340351933653,1.3796209394931793,-0.813850413136698,1.321256047688032,-0.7104337420385733,1.3796209394931793,-0.813850413136698
0.9151007005533605,-0.9151007005533605,0.0,0.0,-0.9151007005533605,0.9151007005533605,-3.0,-3.0,-1.8291322825490774,-1.8291322825490774,-3.0,-3.0
0.9151007005533605,-0.9151007005533605,0.0,0.0,-0.9151007005533605,0.9151007005533605,-3.0,-3.0,-1.8291322825490774,-1.8291322825490774,-3.0,-3.0
0.3815103486812482,0.8087898069156796,0.0,0.0,-0.3815103486812482,-0.8087898069156796,-0.9942375719547272,0.5116815755597774,-0.9227552285195347,0.35325188894193305,-0.9942375719547272,0.5116815755597774
0.4519139346919093,1.0900030580109545,0.0,0.0,-0.4519139346919093,-1.0900030580109545,-0.7551474273204803,0.37193027759654385,-0.6793404108188611,0.17201130246539323,-0.7551474273204803,0.37193027759654385
0.4923289025623166,1.255771685208551,0.0,0.0,-0.4923289025623166,-1.255771685208551,-0.6044904291629791,0.300519144557574,-0.5326977757447109,0.09311282177732381,-0.6044904291629791,0.300519144557574
0.21272989624817668,0.3128726835679182,0.0,0.0,-0.21272989624817668,-0.3128726835679182,-1.8289191126823425,1.254537244701723,-1.7876919787591572,1.1936336073221356,-1.8289191126823425,1.254537244701723
0.1117783804957891,0.13485218110453503,0.0,0.0,-0.1117783804957891,-0.13485218110453503,-3.0,2.4890488571791822,-2.9812778961290634,2.4664513186707584,-3.0,2.4890488571791822
-0.06208037112318841,-0.05667389127600426,0.0,0.0,0.06208037112318841,0.05667389127600426,-2.1457264252801704,2.3501692414283752,-2.1415929677602903,2.3463959620598422,-2.1457264252801704,2.3501692414283752
-0.19343005056779602,-0.14939812101403205,0.0,0.0,0.19343005056779602,0.14939812101403205,-2.3229361209260087,3.0,-2.2796149048677865,2.966582527520951,-2.3229361209260087,3.0
-0.20788022844911214,-0.15792401835493206,0.0,0.0,0.20788022844911214,0.15792401835493206,-2.286030395685842,3.0,-2.2368135429476323,2.9626676924546187,-2.286030395685842,3.0
-0.19623794367815048,-0.1510763350113716,0.0,0.0,0.19623794367815048,0.1510763350113716,-2.315647112870328,3.0,-2.271203003945078,2.9658289791868406,-2.315647112870328,3.0
-0.1089832896393464,-0.09337967721732991,0.0,0.0,0.1089832896393464,0.09337967721732991,-2.571830968527462,3.0,-2.556572801905994,2.9869298553478894,-2.571830968527462,3.0
-0.10157424238129656,-0.08788191983859363,0.0,0.0,0.10157424238129656,0.08788191983859363,-2.4365272368331814,2.8149290084838867,-2.423968816073059,2.8040658280911965,-2.4365272368331814,2.8149290084838867
-0.09628709351561522,-0.08389310031752152,0.0,0.0,0.09628709351561522,0.08389310031752152,-2.614816100518199,3.0,-2.6027042152656104,2.9894491118987414,-2.614816100518199,3.0
0.004589555131608327,0.004622191520538034,0.0,0.0,-0.004589555131608327,-0.004622191520538034,-3.0,2.9788177368991717,-2.9999684040310024,2.9787859162500117,-3.0,2.9788177368991717
0.14442423679417532,0.18521076714802426,0.0,0.0,-0.14442423679417532,-0.18521076714802426,-2.7818246483802795,2.174095179825414,-2.7528628919266596,2.1369126276829493,-2.7818246483802795,2.174095179825414
0.16743983232731444,0.224566520350301,0.0,0.0,-0.16743983232731444,-0.224566520350301,-2.8205552101135254,2.1109287039951194,-2.7811088193194555,2.0579248200428553,-2.8205552101135254,2.1109287039951194
-0.23084608452710187,-0.1709338017538476,0.0,0.0,0.23084608452710187,0.1709338017538476,-2.089029289289774,2.809906840324402,-2.0336139399619455,2.7689562540059884,-2.089029289289774,2.809906840324402
0.35701757645571713,0.7189885948934482,0.0,0.0,-0.35701757645571713,-0.7189885948934482,0.5934269150394791,-1.1183575093746185,0.44653728568870854,-1.0478375650794192,0.5934269150394791,-1.1183575093746185
0.5219353984017369,1.3731488483270644,0.0,0.0,-0.5219353984017369,-1.3731488483270644,0.2883735211094822,-0.56715327501297,0.056625934550725225,-0.491640159206507,0.2883735211094822,-0.56715327501297
0.32981377475265283,0.6261048018177344,0.0,0.0,-0.32981377475265283,-0.6261048018177344,0.6957934200250865,-1.258943259716034,0.563812685791691,-1.19108958206084,0.6957934200250865,-1.258943259716034
0.22159393877523131,0.3320393105181985,0.0,0.0,-0.22159393877523131,-0.3320393105181985,1.270624612442433,-1.8845136165618896,1.2012225274255877,-1.8384341776787678,1.270624612442433,-1.8845136165618896
0.3352191900074317,0.643954255910147,0.0,0.0,-0.3352191900074317,-0.643954255910147,0.6735907312128432,-1.2292640805244446,0.538689388231196,-1.160841058665938,0.6735907312128432,-1.2292640805244446
0.22776457490098667,0.34577672508995067,0.0,0.0,-0.22776457490098667,-0.34577672508995067,0.724522209406374,-1.0875114798545837,0.6816395387565684,-1.059424960857861,0.724522209406374,-1.0875114798545837
0.9151007005533605,-0.9151007005533605,0.0,0.0,-0.9151007005533605,0.9151007005533605,-0.9827873110771179,-0.9827873110771179,-0.5992159991902528,-0.5992159991902528,-0.9827873110771179,-0.9827873110771179
0.9151007005533605,-0.9151007005533605,0.0,0.0,-0.9151007005533605,0.9151007005533605,-3.0,-3.0,-1.8291322825490774,-1.8291322825490774,-3.0,-3.0
0.9151007005533605,-0.9151007005533605,0.0,0.0,-0.9151007005533605,0.9151007005533605,-2.7155535221099854,-2.7155535221099854,-1.6557022040937412,-1.6557022040937412,-2.7155535221099854,-2.7155535221099854
0.9151007005533605,-0.9151007005533605,0.0,0.0,-0.9151007005533605,0.9151007005533605,-1.8952267169952393,-1.8952267169952393,-1.155540123601832,-1.155540123601832,-1.8952267169952393,-1.8952267169952393
-0.3530828701081186,-0.23098717879932912,0.0,0.0,0.3530828701081186,0.23098717879932912,1.5245718955993652,-1.0093732914137514,1.4840805863838873,-0.9471062049472226,1.5245718955993652,-1.0093732914137514
-0.5283812258428177,-0.2983658380067302,0.0,0.0,0.5283812258428177,0.2983658380067302,1.4521506428718567,-0.8467402331190702,1.387991928204662,-0.7312654275642231,1.4521506428718567,-0.8467402331190702
-0.6359095445596104,-0.3327944421411586,0.0,0.0,0.6359095445596104,0.3327944421411586,0.8892843425273895,-0.48915907337370473,0.8404920953907447,-0.3935440504108463,0.8892843425273895,-0.48915907337370473
-1.4817112505074232,-0.5508914938123916,0.0,0.0,1.4817112505074232,0.5508914938123916,0.49574536085128784,-0.260529559875979,0.4224039052359279,-0.023178609150690945,0.49574536085128784,-0.260529559875979
-0.7750277290013072,-0.37247517850752315,0.0,0.0,0.7750277290013072,0.37247517850752315,1.0472609996795654,-0.5446645284028212,0.9754497137102287,-0.38910922763125544,1.0472609996795654,-0.5446645284028212
-0.4006774908816606,-0.25105059549049585,0.0,0.0,0.4006774908816606,0.25105059549049585,1.4097658395767212,-0.897893742661437,1.3655724514791512,-0.8267778243953351,1.4097658395767212,-0.897893742661437
-1.344805898697981,-0.5146575085126925,0.0,0.0,1.344805898697981,0.5146575085126925,0.5845019817352295,-0.295220017501484,0.5087863900870963,-0.0661504559245423,0.5845019817352295,-0.295220017501484
0.9151007005533605,-0.9151007005533605,0.0,0.0,-0.9151007005533605,0.9151007005533605,-2.398140549659729,-2.398140549659729,-1.4621720991575327,-1.4621720991575327,-2.398140549659729,-2.398140549659729
-0.5735509528111551,-0.3133220592189202,0.0,0.0,0.5735509528111551,0.3133220592189202,1.3379946649074554,-0.7600143157865912,1.272854252665872,-0.6383964171338541,1.3379946649074554,-0.7600143157865912
-1.054839802397569,-0.44337405921219025,0.0,0.0,1.054839802397569,0.44337405921219025,0.7818150222301483,-0.38558568912343855,0.7062208359726535,-0.19023528545983068,0.7818150222301483,-0.38558568912343855
-0.5913562097478026,-0.3190115708194172,0.0,0.0,0.5913562097478026,0.3190115708194172,1.321155846118927,-0.7432484399621667,1.2544980919757607,-0.6170339832965446,1.321155846118927,-0.7432484399621667
-0.7408225473582417,-0.363114465923378,0.0,0.0,0.7408225473582417,0.363114465923378,0.9428962469100952,-0.4962323838864378,0.8814148294264222,-0.36617666216361033,0.9428962469100952,-0.4962323838864378
-1.5375928982182452,-0.566657569462799,0.0,0.0,1.5375928982182452,0.566657569462799,0.46943114697933197,-0.2521366753681974,0.39605903601157266,-0.008370263903411572,0.46943114697933197,-0.2521366753681974
0.9151007005533605,-0.9151007005533605,0.0,0.0,-0.9151007005533605,0.9151007005533605,-2.8170334696769714,-2.8170334696769714,-1.717575620135795,-1.717575620135795,-2.8170334696769714,-2.8170334696769714
0.9151007005533605,-0.9151007005533605,0.0,0.0,-0.9151007005533605,0.9151007005533605,-2.546354055404663,-2.546354055404663,-1.5525394685134768,-1.5525394685134768,-2.546354055404663,-2.546354055404663
0.42589630670680645,0.9833832440616281,0.0,0.0,-0.42589630670680645,-0.9833832440616281,-0.8383036851882935,0.41607872428504966,-0.7634170120092209,0.23059481873512985,-0.8383036851882935,0.41607872428504966
0.2574755929264126,0.41671281769223156,0.0,0.0,-0.2574755929264126,-0.41671281769223156,-1.6795973181724548,1.0566665935937503,-1.6242308608612834,0.9662417027737433,-1.6795973181724548,1.0566665935937503
0.1736184889043954,0.23572824866766906,0.0,0.0,-0.1736184889043954,-0.23572824866766906,-2.8855329751968384,2.134302364060911,-2.8421522517259192,2.0752771989010026,-2.8855329751968384,2.134302364060911
0.21389556731905468,0.3153557050675441,0.0,0.0,-0.21389556731905468,-0.3153557050675441,-2.2431421279907227,1.5351952482502265,-2.192024118034468,1.4594888070581817,-2.2431421279907227,1.5351952482502265
0.21831606709081774,0.3248746461494718,0.0,0.0,-0.21831606709081774,-0.3248746461494718,-2.1868937015533447,1.4839139790059628,-2.1349846075872554,1.4062915451036906,-2.1868937015533447,1.4839139790059628
0.531973278165692,1.4115858861929336,0.0,0.0,-0.531973278165692,-1.4115858861929336,-0.5439331233501434,0.27943596294585077,-0.46876582657490984,0.04430140939621458,-0.5439331233501434,0.27943596294585077
0.4703201295399008,1.16586795152602,0.0,0.0,-0.4703201295399008,-1.16586795152602,-0.7007396221160889,0.34549534726168374,-0.62465559852213,0.13610890397440184,-0.7007396221160889,0.34549534726168374
0.4604883063590202,1.1253627381577216,0.0,0.0,-0.4604883063590202,-1.1253627381577216,-0.6957864761352539,0.34262997559656677,-0.6233103009018792,0.14762185141428408,-0.6957864761352539,0.34262997559656677
0.3497071505059163,0.6932886377779564,0.0,0.0,-0.3497071505059163,-0.6932886377779564,-1.1540728211402893,0.618729546717477,-1.084220359378638,0.47589490770300447,-1.1540728211402893,0.618729546717477
0.16502741191472622,0.22027918485263895,0.0,0.0,-0.16502741191472622,-0.22027918485263895,-2.967487156391144,2.231086054939029,-2.927170438194462,2.1771751733465448,-2.967487156391144,2.231086054939029
0.15437886589823757,0.2018154244041384,0.0,0.0,-0.15437886589823757,-0.2018154244041384,-2.857643723487854,2.19213467687711,-2.823658426574983,2.1476437556413988,-2.857643723487854,2.19213467687711
0.15435473472728606,0.2017744190659468,0.0,0.0,-0.15435473472728606,-0.2017744190659468,-3.0,2.3014423637529378,-2.9643328235891158,2.2547518805146898,-3.0,2.3014423637529378
0.14264107688107244,0.18230104219320367,0.0,0.0,-0.14264107688107244,-0.18230104219320367,-2.8124082684516907,2.2053031612782523,-2.7838454473455094,2.168759377938165,-2.8124082684516907,2.2053031612782523
0.019913530076474506,0.020542797518372836,0.0,0.0,-0.019913530076474506,-0.020542797518372836,-3.0,2.908116270983832,-2.9994051966359367,2.9075026705348996,-3.0,2.908116270983832
0.012915789942603974,0.01317762028070488,0.0,0.0,-0.012915789942603974,-0.01317762028070488,-2.7553104758262634,2.700567408748138,-2.7550806618395147,2.700332935813053,-2.7553104758262634,2.700567408748138
-1.361581811195816,-0.518953452727298,0.0,0.0,1.361581811195816,0.518953452727298,-0.17484762665653467,0.34484826028347015,-0.03631438466351742,0.29944509447744,-0.17484762665653467,0.34484826028347015
0.26359629002937046,0.43235918197017276,0.0,0.0,-0.26359629002937046,-0.43235918197017276,0.8849505145644988,-1.423145592212677,0.8035171442988284,-1.3739889972589094,0.8849505145644988,-1.423145592212677
0.5735103872707971,1.5611083992348809,0.0,0.0,-0.5735103872707971,-1.5611083992348809,0.24724961298144826,-0.4556676149368286,0.0023952988705579123,-0.38276146833167685,0.24724961298144826,-0.4556676149368286
0.9151007005533605,-0.9151007005533605,0.0,0.0,-0.9151007005533605,0.9151007005533605,2.7985517978668213,2.7985517978668213,1.706307145954654,1.706307145954654,2.7985517978668213,2.7985517978668213
0.9151007005533605,-0.9151007005533605,0.0,0.0,-0.9151007005533605,0.9151007005533605,2.6542637944221497,2.6542637944221497,1.6183331975929205,1.6183331975929205,2.6542637944221497,2.6542637944221497
0.3168226112730099,0.5844652495327761,0.0,0.0,-0.3168226112730099,-0.5844652495327761,0.7533937565650389,-1.3342612981796265,0.6283358592592958,-1.267855280156185,0.7533937565650389,-1.3342612981796265
0.9151007005533605,-0.9151007005533605,0.0,0.0,-0.9151007005533605,0.9151007005533605,3.0,3.0,1.8291322825490774,1.8291322825490774,3.0,3.0
-0.25752597505278896,-0.18527978848072774,0.0,0.0,0.25752597505278896,0.18527978848072774,-1.605882678511157,2.2201555967330933,-1.5529255555128902,2.182157069857284,-1.605882678511157,2.2201555967330933
0.14107044868123922,0.1797540564168782,0.0,0.0,-0.14107044868123922,-0.1797540564168782,-3.0,2.359274549743626,-2.970198165520598,2.3212611967484222,-3.0,2.359274549743626
0.14563629142273607,0.18719963419402483,0.0,0.0,-0.14563629142273607,-0.18719963419402483,-3.0,2.339316989246905,-2.9682412988276945,2.2984473855726004,-3.0,2.339316989246905
0.12539711977930554,0.15513126275965214,0.0,0.0,-0.12539711977930554,-0.15513126275965214,-2.7289241552352905,2.208941746466589,-2.7074968561462236,2.182415134729849,-2.7289241552352905,2.208941746466589
0.12761555642490813,0.1585308299283848,0.0,0.0,-0.12761555642490813,-0.1585308299283848,-3.0,2.4185348056931133,-2.9756045397715334,2.3882070646110196,-3.0,2.4185348056931133
0.19979844584934892,0.28606696808613274,0.0,0.0,-0.19979844584934892,-0.28606696808613274,-2.1603959798812866,1.5195116766084809,-2.1174183597093665,1.4577604245885527,-2.1603959798812866,1.5195116766084809
0.16109137608934407,0.2133677211189087,0.0,0.0,-0.16109137608934407,-0.2133677211189087,-3.0,2.2724018090369182,-2.9611584581544754,2.220871314600207,-3.0,2.2724018090369182
0.1679675564880744,0.2255096351884239,0.0,0.0,-0.1679675564880744,-0.2255096351884239,-3.0,2.2429765797000893,-2.9577797538039645,2.1861850354203214,-3.0,2.2429765797000893
0.1711929156802706,0.23131511374170438,0.0,0.0,-0.1711929156802706,-0.23131511374170438,-2.7251332998275757,2.025004603772204,-2.685297970034806,1.971070098028616,-2.7251332998275757,2.025004603772204
0.1350754237733097,0.17016752285338568,0.0,0.0,-0.1350754237733097,-0.17016752285338568,-3.0,2.3855991530870586,-2.972673531230873,2.3511425398070447,-3.0,2.3855991530870586
0.11487376614017947,0.13937399735126457,0.0,0.0,-0.11487376614017947,-0.13937399735126457,-3.0,2.47520816347074,-2.980227783950065,2.4512064573878938,-3.0,2.47520816347074
0.1486022902945879,0.19210466499041493,0.0,0.0,-0.1486022902945879,-0.19210466499041493,-3.0,2.3263967491830515,-2.9669369495054,2.28360169402413,-3.0,2.3263967491830515
0.13619663723982353,0.17194430854643936,0.0,0.0,-0.13619663723982353,-0.17194430854643936,-2.583450973033905,2.0501111197996047,-2.5595270958287104,2.019880102317342,-2.583450973033905,2.0501111197996047
0.14029688363003606,0.17850506628563698,0.0,0.0,-0.14029688363003606,-0.17850506628563698,-2.9668582677841187,2.3365628908230374,-2.9377074745859457,2.2994354454714445,-2.9668582677841187,2.3365628908230374
0.16504716858141394,0.22031413709117942,0.0,0.0,-0.16504716858141394,-0.22031413709117942,-3.0,2.255446128125441,-2.9592318200987253,2.200929395042207,-3.0,2.255446128125441
0.1972206439743997,0.28088201020638076,0.0,0.0,-0.1972206439743997,-0.28088201020638076,-2.401330590248108,1.6974111063369457,-2.354780711546156,1.630891798901604,-2.401330590248108,1.6974111063369457
0.18920282674984684,0.2650811133082903,0.0,0.0,-0.18920282674984684,-0.2650811133082903,-2.6049370765686035,1.8700360642430478,-2.5584506103251954,1.8047180483835166,-2.6049370765686035,1.8700360642430478
0.2061329484810045,0.299030001463828,0.0,0.0,-0.2061329484810045,-0.299030001463828,-1.783331573009491,1.2390149818377272,-1.7455779534005516,1.184030834617028,-1.783331573009491,1.2390149818377272
0.19699325993124467,0.2804271279439997,0.0,0.0,-0.19699325993124467,-0.2804271279439997,-2.4811313152313232,1.7545900304381574,-2.433144979752401,1.6860510265071365,-2.4811313152313232,1.7545900304381574
0.1679675564880744,0.2255096351884239,0.0,0.0,-0.1679675564880744,-0.2255096351884239,-3.0,2.2429765797000893,-2.9577797538039645,2.1861850354203214,-3.0,2.2429765797000893
0.18211743591073795,0.2515181913067703,0.0,0.0,-0.18211743591073795,-0.2515181913067703,-2.6539381742477417,1.9313379974513516,-2.610048416582977,1.8705697967670878,-2.6539381742477417,1.9313379974513516
0.15503166304742672,0.20292611488158974,0.0,0.0,-0.15503166304742672,-0.20292611488158974,-2.7152119874954224,2.08031859763456,-2.682647478448885,2.037632651940369,-2.7152119874954224,2.08031859763456
0.05548489550499455,0.06065684097223974,0.0,0.0,-0.05548489550499455,-0.06065684097223974,-2.9989081621170044,2.743478990300933,-2.99429316647412,2.738433561765604,-2.9989081621170044,2.743478990300933
-0.29059771934348344,-0.20203014228224536,0.0,0.0,0.29059771934348344,0.20203014228224536,-1.685038173041046,2.406104028224945,-1.61438921556571,2.35716683528546,-1.685038173041046,2.406104028224945
0.5048009052202608,1.305853887281194,0.0,0.0,-0.5048009052202608,-1.305853887281194,0.3050421317627303,-0.6087226420640945,0.07987641589786523,-0.5327971420980312,0.3050421317627303,-0.6087226420640945
0.2780483243581444,0.47077330026070635,0.0,0.0,-0.2780483243581444,-0.47077330026070635,0.9679006750943787,-1.599449872970581,0.862610314701141,-1.5380197444526695,0.9679006750943787,-1.599449872970581
0.2408298089802682,0.3759708893093751,0.0,0.0,-0.2408298089802682,-0.3759708893093751,1.2549528136128776,-1.9319568872451782,1.1672963340307119,-1.8762013701148235,1.2549528136128776,-1.9319568872451782
0.18219137771229446,0.25165783350203347,0.0,0.0,-0.18219137771229446,-0.25165783350203347,1.982990800713559,-2.7253031730651855,1.9205284462560006,-2.680196705893628,1.982990800713559,-2.7253031730651855
0.2749317069761664,0.46231192549769456,0.0,0.0,-0.2749317069761664,-0.46231192549769456,0.9884411044909831,-1.6239173412322998,0.8846782430334896,-1.5629290795824515,0.9884411044909831,-1.6239173412322998
0.9151007005533605,-0.9151007005533605,0.0,0.0,-0.9151007005533605,0.9151007005533605,3.0,3.0,1.8291322825490774,1.8291322825490774,3.0,3.0
-0.595800540702649,-0.3204148538550239,0.0,0.0,0.595800540702649,0.3204148538550239,-0.7368409691260466,1.3128452897071838,-0.6098829190036947,1.2460278150250879,-0.7368409691260466,1.3128452897071838
0.06464358978991898,0.07177022768092556,0.0,0.0,-0.06464358978991898,-0.07177022768092556,-2.374639391899109,2.139189211278134,-2.369679555371427,2.1336821307859144,-2.374639391899109,2.139189211278134
0.1679675564880744,0.2255096351884239,0.0,0.0,-0.1679675564880744,-0.2255096351884239,-3.0,2.2429765797000893,-2.9577797538039645,2.1861850354203214,-3.0,2.2429765797000893
0.18895916091157797,0.26460852236217164,0.0,0.0,-0.18895916091157797,-0.26460852236217164,-2.6089720129966736,1.873811654795729,-2.562533028311027,1.8085935624770084,-2.6089720129966736,1.873811654795729
0.1556059835914689,0.20390554034288944,0.0,0.0,-0.1556059835914689,-0.20390554034288944,-3.0,2.2960331439697357,-2.963753392698223,2.2484666710755965,-3.0,2.2960331439697357
0.1679675564880744,0.2255096351884239,0.0,0.0,-0.1679675564880744,-0.2255096351884239,-3.0,2.2429765797000893,-2.9577797538039645,2.1861850354203214,-3.0,2.2429765797000893
0.200835277315348,0.288167059259253,0.0,0.0,-0.200835277315348,-0.288167059259253,-2.4235662817955017,1.7011965020825834,-2.374853307176047,1.6310500443110116,-2.4235662817955017,1.7011965020825834
0.19269537979486037,0.27190392398526875,0.0,0.0,-0.19269537979486037,-0.27190392398526875,-2.5388399362564087,1.8103591997082495,-2.491850127340238,1.7438489806068094,-2.5388399362564087,1.8103591997082495
0.18561001465084812,0.2581575521132915,0.0,0.0,-0.18561001465084812,-0.2581575521132915,-2.6654922366142273,1.9267802313008366,-2.619709362585821,1.862930578604796,-2.6654922366142273,1.9267802313008366
0.1679675564880744,0.2255096351884239,0.0,0.0,-0.1679675564880744,-0.2255096351884239,-3.0,2.2429765797000893,-2.9577797538039645,2.1861850354203214,-3.0,2.2429765797000893
-0.22156680408335627,-0.16575425987772852,0.0,0.0,0.22156680408335627,0.16575425987772852,-1.903133314852892,2.5347812175750732,-1.8566099431182563,2.5000399772311623,-1.903133314852892,2.5347812175750732
0.33115523699309196,0.6305059308329624,0.0,0.0,-0.33115523699309196,-0.6305059308329624,0.690190703894542,-1.251490741968155,0.5574872806355141,-1.1834939533263111,0.690190703894542,-1.251490741968155
0.5202000347339409,1.3664252504014118,0.0,0.0,-0.5202000347339409,-1.3664252504014118,0.289976646491261,-0.5712499022483826,0.05885115625832505,-0.49568483323722007,0.289976646491261,-0.5712499022483826
0.3843764846315829,0.8196452064201794,0.0,0.0,-0.3843764846315829,-0.8196452064201794,0.5021655150459501,-0.9788081645965576,0.3427182070383078,-0.907386900949683,0.5021655150459501,-0.9788081645965576
0.5033606609867387,1.3001126252955626,0.0,0.0,-0.5033606609867387,-1.3001126252955626,0.3065343547063116,-0.6123341917991638,0.08196431487465453,-0.5363841913628624,0.3065343547063116,-0.6123341917991638
0.9151007005533605,-0.9151007005533605,0.0,0.0,-0.9151007005533605,0.9151007005533605,3.0,3.0,1.8291322825490774,1.8291322825490774,3.0,3.0
0.44402660389112775,1.05752291928938,0.0,0.0,-0.44402660389112775,-1.05752291928938,0.2623768808908421,-0.5320731103420258,0.12883530676345603,-0.480477578448635,0.2623768808908421,-0.5320731103420258
0.5049239939724872,1.306344002973562,0.0,0.0,-0.5049239939724872,-1.306344002973562,0.3049153009039992,-0.6084148585796356,0.0796989658640751,-0.5324915253550093,0.3049153009039992,-0.6084148585796356
0.9151007005533605,-0.9151007005533605,0.0,0.0,-0.9151007005533605,0.9151007005533605,3.0,3.0,1.8291322825490774,1.8291322825490774,3.0,3.0
0.9151007005533605,-0.9151007005533605,0.0,0.0,-0.9151007005533605,0.9151007005533605,2.930718183517456,2.930718183517456,1.7868904135084565,1.7868904135084565,2.930718183517456,2.930718183517456
0.9151007005533605,-0.9151007005533605,0.0,0.0,-0.9151007005533605,0.9151007005533605,3.0,3.0,1.8291322825490774,1.8291322825490774,3.0,3.0
0.9151007005533605,-0.9151007005533605,0.0,0.0,-0.9151007005533605,0.9151007005533605,3.0,3.0,1.8291322825490774,1.8291322825490774,3.0,3.0
0.9151007005533605,-0.9151007005533605,0.0,0.0,-0.9151007005533605,0.9151007005533605,3.0,3.0,1.8291322825490774,1.8291322825490774,3.0,3.0
0.9151007005533605,-0.9151007005533605,0.0,0.0,-0.9151007005533605,0.9151007005533605,2.9433889389038086,2.9433889389038086,1.7946159094156098,1.7946159094156098,2.9433889389038086,2.9433889389038086
-0.27190387121845594,-0.19269535296491735,0.0,0.0,0.27190387121845594,0.19269535296491735,-1.7118445441445342,2.400683283805847,-1.6489536483492757,2.356250542754697,-1.7118445441445342,2.400683283805847
0.1111084630757837,0.1338801637491972,0.0,0.0,-0.1111084630757837,-0.1338801637491972,-2.8099422454833984,2.334170169848594,-2.792615585669009,2.313282682289433,-2.8099422454833984,2.334170169848594
0.1400318322663988,0.17807794108568215,0.0,0.0,-0.1400318322663988,-0.17807794108568215,-2.4879700541496277,1.9603757856101443,-2.463616692971499,1.9293743650077646,-2.4879700541496277,1.9603757856101443
0.16288113495947731,0.2164976727783311,0.0,0.0,-0.16288113495947731,-0.2164976727783311,-3.0,2.264721242542029,-2.9602925079065714,2.2118530780295713,-3.0,2.264721242542029
0.17410322775694775,0.23661509796471805,0.0,0.0,-0.17410322775694775,-0.23661509796471805,-2.58117538690567,1.907417029561598,-2.5421538956710097,1.8542706857331384,-2.58117538690567,1.907417029561598
0.1562610264060692,0.2050252138294614,0.0,0.0,-0.1562610264060692,-0.2050252138294614,-2.9791059494018555,2.277232655304815,-2.9428087247429695,2.229537956404517,-2.9791059494018555,2.277232655304815
0.11524219629361238,0.13991557789942471,0.0,0.0,-0.11524219629361238,-0.13991557789942471,-2.724400520324707,2.246325056432275,-2.706329473475264,2.224373458529577,-2.724400520324707,2.246325056432275
0.1316775865337547,0.1648276218988048,0.0,0.0,-0.1316775865337547,-0.1648276218988048,-3.0,2.4005769727372903,-2.9740290781515735,2.368041122896229,-3.0,2.4005769727372903
0.18740482350206508,0.2616042902553139,0.0,0.0,-0.18740482350206508,-0.2616042902553139,-2.6349547505378723,1.8981430579154264,-2.588819459200927,1.8335612133953438,-2.6349547505378723,1.8981430579154264
0.16487000564688295,0.220000805219262,0.0,0.0,-0.16487000564688295,-0.220000805219262,-3.0,2.256203912463187,-2.959319096661875,2.2018232468756085,-3.0,2.256203912463187
0.20575045485649815,0.2982382052096472,0.0,0.0,-0.20575045485649815,-0.2982382052096472,-2.3530150651931763,1.6360291638593112,-2.3033851323162966,1.56380772339438,-2.3530150651931763,1.6360291638593112
0.1562780828492275,0.20505440553767396,0.0,0.0,-0.1562780828492275,-0.20505440553767396,-2.579968214035034,1.9720678963691882,-2.5485272077490513,1.9307528922925496,-2.579968214035034,1.9720678963691882
0.9151007005533605,-0.9151007005533605,0.0,0.0,-0.9151007005533605,0.9151007005533605,-3.0,-3.0,-1.8291322825490774,-1.8291322825490774,-3.0,-3.0
-0.8378287436095094,-0.3891385115347761,0.0,0.0,0.8378287436095094,0.3891385115347761,0.9389339089393616,-0.47931551677074574,0.8687356837733493,-0.3206994972278664,0.9389339089393616,-0.47931551677074574
-0.3891117040128417,-0.24631605152366692,0.0,0.0,0.3891117040128417,0.24631605152366692,1.8767704367637634,-1.2062691485043218,1.8201243782257632,-1.1160962048742105,1.8767704367637634,-1.2062691485043218
-1.1464270925027318,-0.46559819831718374,0.0,0.0,1.1464270925027318,0.46559819831718374,0.6756092458963394,-0.3328434424857697,0.6036927765515774,-0.13704697196841029,0.6756092458963394,-0.3328434424857697
0.9151007005533605,-0.9151007005533605,0.0,0.0,-0.9151007005533605,0.9151007005533605,-2.7229124307632446,-2.7229124307632446,-1.660189009887743,-1.660189009887743,-2.7229124307632446,-2.7229124307632446
-1.539386240276001,-0.5671753183671071,0.0,0.0,1.539386240276001,0.5671753183671071,0.3844287693500519,-0.20663697206860568,0.32423564428361284,-0.006489417978204937,0.3844287693500519,-0.20663697206860568
0.9151007005533605,-0.9151007005533605,0.0,0.0,-0.9151007005533605,0.9151007005533605,-3.0,-3.0,-1.8291322825490774,-1.8291322825490774,-3.0,-3.0
0.9151007005533605,-0.9151007005533605,0.0,0.0,-0.9151007005533605,0.9151007005533605,-3.0,-3.0,-1.8291322825490774,-1.8291322825490774,-3.0,-3.0
0.5428166906750934,1.452170813839347,0.0,0.0,-0.5428166906750934,-1.452170813839347,-0.5197232812643051,0.27036302869938517,-0.44501675939176455,0.03199678638420219,-0.5197232812643051,0.27036302869938517
0.1852077388015695,0.2573882822893683,0.0,0.0,-0.1852077388015695,-0.2573882822893683,-2.186901569366455,1.5820484193130506,-2.14950121500472,1.5299327437048422,-2.186901569366455,1.5820484193130506
-0.26793048587224594,-0.19066712397865726,0.0,0.0,0.26793048587224594,0.19066712397865726,-1.8475641711037643,2.580903947353363,-1.7816446271276685,2.534132868752292,-1.8475641711037643,2.580903947353363
-0.3734714158154215,-0.23977300358522105,0.0,0.0,0.3734714158154215,0.23977300358522105,-1.2646228120781848,1.9428716897964478,-1.1774478254292193,1.8872898367214206,-1.2646228120781848,1.9428716897964478
-0.317779081368914,-0.21502817547136885,0.0,0.0,0.317779081368914,0.21502817547136885,-1.4312389053850485,2.0958480834960938,-1.3595792110815481,2.0475815041193313,-1.4312389053850485,2.0958480834960938
-0.245737658919094,-0.17903804855046865,0.0,0.0,0.245737658919094,0.17903804855046865,-1.6214404338876287,2.214982330799103,-1.5727293428456224,2.17957684676502,-1.6214404338876287,2.214982330799103
-0.21892506006083856,-0.16426085459450773,0.0,0.0,0.21892506006083856,0.16426085459450773,-2.146840900139432,2.851289391517639,-2.0955989619928346,2.812909588517731,-2.146840900139432,2.851289391517639
-0.26966996328736287,-0.19155699919943414,0.0,0.0,0.26966996328736287,0.19155699919943414,-1.8340872699792352,2.566475987434387,-1.7678012927706943,2.519532554046319,-1.8340872699792352,2.566475987434387
-0.2814964091328475,-0.19752744944729417,0.0,0.0,0.2814964091328475,0.19752744944729417,-1.7470320657261873,2.4729952812194824,-1.6782703185122865,2.424907397047906,-1.7470320657261873,2.4729952812194824
-0.4183140589536285,-0.2581085834398275,0.0,0.0,0.4183140589536285,0.2581085834398275,-1.1004682848455747,1.7513371109962463,-1.005580519662939,1.6933231859061353,-1.1004682848455747,1.7513371109962463
-1.1307263126772042,-0.4617890255568503,0.0,0.0,1.1307263126772042,0.4617890255568503,-0.298585447691115,0.606298953294754,-0.12719823956577747,0.5427932786448664,-0.298585447691115,0.606298953294754
0.4969182471229297,1.2742921592972807,0.0,0.0,-0.4969182471229297,-1.2742921592972807,0.2500918982570831,-0.5017189085483551,0.0730715285550288,-0.44103894828743856,0.2500918982570831,-0.5017189085483551
0.9151007005533605,-0.9151007005533605,0.0,0.0,-0.9151007005533605,0.9151007005533605,2.705462336540222,2.705462336540222,1.6495494996621256,1.6495494996621256,2.705462336540222,2.705462336540222
0.9151007005533605,-0.9151007005533605,0.0,0.0,-0.9151007005533605,0.9151007005533605,3.0,3.0,1.8291322825490774,1.8291322825490774,3.0,3.0
0.9151007005533605,-0.9151007005533605,0.0,0.0,-0.9151007005533605,0.9151007005533605,2.737744152545929,2.737744152545929,1.6692320702605747,1.6692320702605747,2.737744152545929,2.737744152545929
-1.5351134626295742,-0.5659430243494914,0.0,0.0,1.5351134626295742,0.5659430243494914,-0.25265414971618977,0.4708833396434784,-0.009013510653648655,0.39746477021150944,-0.25265414971618977,0.4708833396434784
-1.4192485867372435,-0.5340001314551536,0.0,0.0,1.4192485867372435,0.5340001314551536,-0.22839408166183564,0.4435853809118271,-0.03448026931692143,0.38182852511658283,-0.22839408166183564,0.4435853809118271
-0.32946298709463384,-0.22042005396862577,0.0,0.0,0.32946298709463384,0.22042005396862577,-1.3678987081368692,2.024167478084564,-1.2943279482349634,1.9751941527846926,-1.3678987081368692,2.024167478084564
-0.1924008942606173,-0.148780367526007,0.0,0.0,0.1924008942606173,0.148780367526007,-2.325622163038084,3.0,-2.28270972483129,2.9668578062700286,-2.325622163038084,3.0
-0.12272124723091862,-0.10330024155075625,0.0,0.0,0.12272124723091862,0.10330024155075625,-1.9182505933603444,2.277224063873291,-1.9038238023644647,2.2650848038441658,-1.9182505933603444,2.277224063873291
0.003920033396968345,0.0039438177316612035,0.0,0.0,-0.003920033396968345,-0.0039438177316612035,-2.901918411254883,2.8844176419924037,-2.901896114883988,2.88439521034059,-2.901918411254883,2.8844176419924037
0.16357842645510398,0.21772285552206322,0.0,0.0,-0.16357842645510398,-0.21772285552206322,-3.0,2.261732956682507,-2.959952565972004,2.208337646318615,-3.0,2.261732956682507
0.5217801616038321,1.3725482975153225,0.0,0.0,-0.5217801616038321,-1.3725482975153225,-0.4255034029483795,0.21631819157419455,-0.36888305998342436,0.04260429588684091,-0.4255034029483795,0.21631819157419455
-1.1970346340501166,-0.4779105456551682,0.0,0.0,1.1970346340501166,0.4779105456551682,0.6385679394006729,-0.3154733888496028,0.5670214160515474,-0.11518564191310145,0.6385679394006729,-0.3154733888496028
-0.885692584229495,-0.40146437945970365,0.0,0.0,0.885692584229495,0.40146437945970365,0.9280255436897278,-0.4683152190590596,0.8542380010945732,-0.2963280229336605,0.9280255436897278,-0.4683152190590596
-1.2027214812978475,-0.47929916241561765,0.0,0.0,1.2027214812978475,0.47929916241561765,0.4104503095149994,-0.20287008338390233,0.36420008610947824,-0.07299669083858586,0.4104503095149994,-0.20287008338390233
0.9151007005533605,-0.9151007005533605,0.0,0.0,-0.9151007005533605,0.9151007005533605,-3.0,-3.0,-1.8291322825490774,-1.8291322825490774,-3.0,-3.0
0.9151007005533605,-0.9151007005533605,0.0,0.0,-0.9151007005533605,0.9151007005533605,-3.0,-3.0,-1.8291322825490774,-1.8291322825490774,-3.0,-3.0
-0.46108413243343704,-0.2744764370747743,0.0,0.0,0.46108413243343704,0.2744764370747743,1.346709966659546,-0.8204102055538578,1.2962988924845433,-0.7347353195086119,1.346709966659546,-0.8204102055538578
-1.5068811359679928,-0.5579079725570328,0.0,0.0,1.5068811359679928,0.5579079725570328,0.47833599150180817,-0.2537552176748982,0.4058032801304211,-0.016207772697880915,0.47833599150180817,-0.2537552176748982
0.47970486891701314,1.2043819698359601,0.0,0.0,-0.47970486891701314,-1.2043819698359601,-0.4271337389945984,0.21114593754066846,-0.37892365342248174,0.07564728068782903,-0.4271337389945984,0.21114593754066846
-0.295982000444782,-0.2046574287729171,0.0,0.0,0.295982000444782,0.2046574287729171,-1.54897070475795,2.2230910062789917,-1.481615532727436,2.176696571600967,-1.54897070475795,2.2230910062789917
-0.18290753771414528,-0.14301373147491686,0.0,0.0,0.18290753771414528,0.14301373147491686,-2.350770427932027,3.0,-2.311557225697071,2.9693728635576595,-2.350770427932027,3.0
-0.22937640850701405,-0.1701202232546728,0.0,0.0,0.22937640850701405,0.1701202232546728,-2.2006822724024757,2.955506980419159,-2.143042817736762,2.9128425233597803,-2.2006822724024757,2.955506980419159
-0.18039863206633092,-0.1414688007700286,0.0,0.0,0.18039863206633092,0.1414688007700286,-2.3575301148162207,3.0,-2.319272700052306,2.9700299013549567,-2.3575301148162207,3.0
-0.23547026238461533,-0.17347730882945578,0.0,0.0,0.23547026238461533,0.17347730882945578,-2.0341850741019383,2.7494357228279114,-1.9780512009842943,2.7081680952220335,-2.0341850741019383,2.7494357228279114
-0.2898541756694368,-0.20166521705703003,0.0,0.0,0.2898541756694368,0.20166521705703003,-1.5501242528084433,2.2118945717811584,-1.4854616940523504,2.1670691825659136,-1.5501242528084433,2.2118945717811584
0.9151007005533605,-0.9151007005533605,0.0,0.0,-0.9151007005533605,0.9151007005533605,3.0,3.0,1.8291322825490774,1.8291322825490774,3.0,3.0
0.9151007005533605,-0.9151007005533605,0.0,0.0,-0.9151007005533605,0.9151007005533605,3.0,3.0,1.8291322825490774,1.8291322825490774,3.0,3.0
0.9151007005533605,-0.9151007005533605,0.0,0.0,-0.9151007005533605,0.9151007005533605,3.0,3.0,1.8291322825490774,1.8291322825490774,3.0,3.0
-0.26919398750928775,-0.19131380454354993,0.0,0.0,0.26919398750928775,0.19131380454354993,-1.7524099558884054,2.451033890247345,-1.6892979139726958,2.4063154240034144,-1.7524099558884054,2.451033890247345
0.027371303100641974,0.028574242119520487,0.0,0.0,-0.027371303100641974,-0.028574242119520487,-2.7791229486465454,2.6621552912111026,-2.778081970533506,2.661068557146306,-2.7791229486465454,2.6621552912111026
0.16966783151296072,0.22856115987662304,0.0,0.0,-0.16966783151296072,-0.22856115987662304,-2.725931704044342,2.031487895646428,-2.6867898042292913,1.9786558233190372,-2.725931704044342,2.031487895646428
0.17758623122626446,0.24303591562615354,0.0,0.0,-0.17758623122626446,-0.24303591562615354,-2.8094719648361206,2.0623493695052404,-2.765287293298649,2.001740746245003,-2.8094719648361206,2.0623493695052404
0.17085762368199217,0.23070828054937567,0.0,0.0,-0.17085762368199217,-0.23070828054937567,-2.743474066257477,2.0399356838090736,-2.7035271899787907,1.9858869325328854,-2.743474066257477,2.0399356838090736
0.14894474414978165,0.1926745079188535,0.0,0.0,-0.14894474414978165,-0.1926745079188535,-3.0,2.324907286493268,-2.9667846685199297,2.2818863162205076,-3.0,2.324907286493268
0.15705794088224115,0.20639111952262162,0.0,0.0,-0.15705794088224115,-0.20639111952262162,-2.8844032287597656,2.20153507355736,-2.848901225725143,2.1548115666947947,-2.8844032287597656,2.20153507355736
0.09891071033763342,0.11658311334784809,0.0,0.0,-0.09891071033763342,-0.11658311334784809,-2.931407332420349,2.4886264359182038,-2.9170795586211975,2.4717333473311385,-2.931407332420349,2.4886264359182038
0.15509467324971646,0.20303346687739396,0.0,0.0,-0.15509467324971646,-0.20303346687739396,-2.864400565624237,2.1943626021067093,-2.8300189097890383,2.149289105481069,-2.864400565624237,2.1943626021067093
0.09370172444032314,0.10942174275192952,0.0,0.0,-0.09370172444032314,-0.10942174275192952,-3.0,2.570375040770787,-2.9868396135145363,2.555002686315044,-3.0,2.570375040770787
0.014170857422071213,0.014486664199759938,0.0,0.0,-0.014170857422071213,-0.014486664199759938,-2.777468740940094,2.716924500249396,-2.7771898694139074,2.7166394136747916,-2.777468740940094,2.716924500249396
0.017279537759272687,0.0177513907843981,0.0,0.0,-0.017279537759272687,-0.0177513907843981,-3.0,2.920264486381667,-2.9995521375060608,2.919804393455007,-3.0,2.920264486381667
-0.09895006581647565,-0.0859090693107653,0.0,0.0,0.09895006581647565,0.0859090693107653,-2.6056661861231127,3.0,-2.5929204015130147,2.988936254769754,-2.6056661861231127,3.0
-0.10315473539282008,-0.0890636100107538,0.0,0.0,0.10315473539282008,0.0890636100107538,-2.5913647944053175,3.0,-2.5775897896899234,2.9881093732041384,-2.5913647944053175,3.0
-0.03777763585295977,-0.035703501146938044,0.0,0.0,0.03777763585295977,0.035703501146938044,-2.8353607123187112,3.0,-2.833337710734603,2.998088093120402,-2.8353607123187112,3.0
-0.057404394666474186,-0.05275046644569684,0.0,0.0,0.057404394666474186,0.05275046644569684,-2.663563145794353,2.8983092308044434,-2.6591757782127017,2.894277731173265,-2.663563145794353,2.8983092308044434
-0.06170594511497133,-0.05636161190459759,0.0,0.0,0.06170594511497133,0.05636161190459759,-2.4609300462300756,2.6939975023269653,-2.4562463849100924,2.689719716529933,-2.4609300462300756,2.6939975023269653
0.24414738658204985,0.38388398245700356,0.0,0.0,-0.24414738658204985,-0.38388398245700356,1.2252147054581866,-1.8982946276664734,1.1360398864098296,-1.8419983828631508,1.2252147054581866,-1.8982946276664734
0.3855006986255129,0.8239215567053496,0.0,0.0,-0.3855006986255129,-0.8239215567053496,0.5081066885079216,-0.9915788769721985,0.3451816381185042,-0.9188071754427773,0.5081066885079216,-0.9915788769721985
0.3172561682016434,0.5858260740746117,0.0,0.0,-0.3172561682016434,-0.5858260740746117,0.7513696253879919,-1.3316516876220703,0.6260829809970155,-1.2651955589098178,0.7513696253879919,-1.3316516876220703
0.3425029116137202,0.6684874303866405,0.0,0.0,-0.3425029116137202,-0.6684874303866405,0.6451937777885457,-1.1906983852386475,0.5063223035218984,-1.1215390803519014,0.6451937777885457,-1.1906983852386475
0.5592340826090815,1.5115846406435316,0.0,0.0,-0.5592340826090815,-1.5115846406435316,0.2417605661293119,-0.4548916071653366,0.01430668741360679,-0.38559419632438474,0.2417605661293119,-0.4548916071653366
0.5198303282879957,1.3649899786119506,0.0,0.0,-0.5198303282879957,-1.3649899786119506,0.2903205061887221,-0.5721258670091629,0.05932889927028929,-0.4965500273647506,0.2903205061887221,-0.5721258670091629
0.2797247278153103,0.47536542307372787,0.0,0.0,-0.2797247278153103,-0.47536542307372787,0.7996328377713728,-1.3255142569541931,0.7109739788694148,-1.273993472815279,0.7996328377713728,-1.3255142569541931
0.9151007005533605,-0.9151007005533605,0.0,0.0,-0.9151007005533605,0.9151007005533605,2.776076853275299,2.776076853275299,1.6926039303877023,1.6926039303877023,2.776076853275299,2.776076853275299
0.27444151836780184,0.46099004842817204,0.0,0.0,-0.27444151836780184,-0.46099004842817204,0.9608509191120322,-1.5771414041519165,0.8605501210029728,-1.5181195706169106,0.9608509191120322,-1.5771414041519165
0.48346399211708485,1.2197437918067897,0.0,0.0,-0.48346399211708485,-1.2197437918067897,0.2826013645295447,-0.570864737033844,0.09718274892250284,-0.5054379323348155,0.2826013645295447,-0.570864737033844
0.9151007005533605,-0.9151007005533605,0.0,0.0,-0.9151007005533605,0.9151007005533605,2.742417275905609,2.742417275905609,1.6720813238597496,1.6720813238597496,2.742417275905609,2.742417275905609
0.5381071302393989,1.4346688901664502,0.0,0.0,-0.5381071302393989,-1.4346688901664502,0.2742347605318679,-0.5301301181316376,0.03721568735247478,-0.4552123083259176,0.2742347605318679,-0.5301301181316376
0.4838339192805569,1.2212530652303704,0.0,0.0,-0.4838339192805569,-1.2212530652303704,0.2589074938988302,-0.5229223519563675,0.08866771909059892,-0.46290027023899616,0.2589074938988302,-0.5229223519563675
0.9151007005533605,-0.9151007005533605,0.0,0.0,-0.9151007005533605,0.9151007005533605,2.8985484838485718,2.8985484838485718,1.767276201447035,1.767276201447035,2.8985484838485718,2.8985484838485718
0.41131052793318434,0.9246659186022641,0.0,0.0,-0.41131052793318434,-0.9246659186022641,0.4256257497045145,-0.849971741437912,0.2562698440813746,-0.7790820979954287,0.4256257497045145,-0.849971741437912
0.9151007005533605,-0.9151007005533605,0.0,0.0,-0.9151007005533605,0.9151007005533605,3.0,3.0,1.8291322825490774,1.8291322825490774,3.0,3.0
0.9151007005533605,-0.9151007005533605,0.0,0.0,-0.9151007005533605,0.9151007005533605,3.0,3.0,1.8291322825490774,1.8291322825490774,3.0,3.0
0.9151007005533605,-0.9151007005533605,0.0,0.0,-0.9151007005533605,0.9151007005533605,3.0,3.0,1.8291322825490774,1.8291322825490774,3.0,3.0
0.9151007005533605,-0.9151007005533605,0.0,0.0,-0.9151007005533605,0.9151007005533605,3.0,3.0,1.8291322825490774,1.8291322825490774,3.0,3.0
-0.20286359906477247,-0.15499496253703254,0.0,0.0,0.20286359906477247,0.15499496253703254,-2.2293330023240974,2.9095033407211304,-2.183617521609402,2.874625112096468,-2.2293330023240974,2.9095033407211304
0.0030093456998107255,0.003023343017836706,0.0,0.0,-0.0030093456998107255,-0.003023343017836706,-3.0,2.9861107963028504,-2.99998641576794,2.9860971488865893,-3.0,2.9861107963028504
-0.5925474385838948,-0.3193883446226616,0.0,0.0,0.5925474385838948,0.3193883446226616,0.8254944384098053,-0.46410878572912967,0.7837472421337378,-0.3849878396750827,0.8254944384098053,-0.46410878572912967
0.9151007005533605,-0.9151007005533605,0.0,0.0,-0.9151007005533605,0.9151007005533605,-3.0,-3.0,-1.8291322825490774,-1.8291322825490774,-3.0,-3.0
0.9151007005533605,-0.9151007005533605,0.0,0.0,-0.9151007005533605,0.9151007005533605,-3.0,-3.0,-1.8291322825490774,-1.8291322825490774,-3.0,-3.0
-1.5407932466450514,-0.5675820787616034,0.0,0.0,1.5407932466450514,0.5675820787616034,0.3908933848142624,-0.2102368789590527,0.3296025922825868,-0.006306807615067975,0.3908933848142624,-0.2102368789590527
0.9151007005533605,-0.9151007005533605,0.0,0.0,-0.9151007005533605,0.9151007005533605,-2.6032167077064514,-2.6032167077064514,-1.5872092395123316,-1.5872092395123316,-2.6032167077064514,-2.6032167077064514
-0.6558030464112078,-0.3387573835082158,0.0,0.0,0.6558030464112078,0.3387573835082158,1.1113711595535278,-0.6056546099027015,1.0482100851568412,-0.48001670266101454,1.1113711595535278,-0.6056546099027015
0.9151007005533605,-0.9151007005533605,0.0,0.0,-0.9151007005533605,0.9151007005533605,-2.3189122080802917,-2.3189122080802917,-1.413865726732275,-1.413865726732275,-2.3189122080802917,-2.3189122080802917
0.34487924972028844,0.6766097759309988,0.0,0.0,-0.34487924972028844,-0.6766097759309988,-0.6166749000549316,0.3329653213624552,-0.5803627898140102,0.25961305951924707,-0.6166749000549316,0.3329653213624552
0.0027580014902167187,0.0027697537448389577,0.0,0.0,-0.0027580014902167187,-0.0027697537448389577,-2.3156661987304688,2.305840693597118,-2.315657391594962,2.305831848933049,-2.3156661987304688,2.305840693597118
-0.20868847069995172,-0.1583929170207932,0.0,0.0,0.20868847069995172,0.1583929170207932,-2.28400993061935,3.0,-2.2344548514940845,2.9624461379403413,-2.28400993061935,3.0
-0.2255096351884239,-0.1679675564880744,0.0,0.0,0.2255096351884239,0.1679675564880744,-2.2429765797000893,3.0,-2.1861850354203214,2.9577797538039645,-2.2429765797000893,3.0
-0.15137324760774765,-0.12292367223150144,0.0,0.0,0.15137324760774765,0.12292367223150144,-2.4393449296522287,3.0,-2.411450849935033,2.9773631817150483,-2.4393449296522287,3.0
-0.2255096351884239,-0.1679675564880744,0.0,0.0,0.2255096351884239,0.1679675564880744,-2.2429765797000893,3.0,-2.1861850354203214,2.9577797538039645,-2.2429765797000893,3.0
-0.24393013406159064,-0.17806764510063228,0.0,0.0,0.24393013406159064,0.17806764510063228,-2.0538496723549367,2.800471544265747,-1.9930480662407994,2.756189940471427,-2.0538496723549367,2.800471544265747
-0.23221939364552238,-0.17169176180476878,0.0,0.0,0.23221939364552238,0.17169176180476878,-2.1549051660782603,2.9027034044265747,-2.097063256682073,2.8600253638394317,-2.1549051660782603,2.9027034044265747
0.9151007005533605,-0.9151007005533605,0.0,0.0,-0.9151007005533605,0.9151007005533605,3.0,3.0,1.8291322825490774,1.8291322825490774,3.0,3.0
0.3286176619954887,0.6221964967279702,0.0,0.0,-0.3286176619954887,-0.6221964967279702,0.6836641038848563,-1.2346170544624329,0.5555456234710462,-1.1685519260976998,0.6836641038848563,-1.2346170544624329
0.4041177359426031,0.8961351786264041,0.0,0.0,-0.4041177359426031,-0.8961351786264041,0.46219229329732436,-0.9179234504699707,0.2887004371257509,-0.8439844117848722,0.46219229329732436,-0.9179234504699707
0.4354804908682068,1.0224564403580874,0.0,0.0,-0.4354804908682068,-1.0224564403580874,0.3990781373759327,-0.8073316812515259,0.2080279482643719,-0.7319813597900264,0.3990781373759327,-0.8073316812515259
0.3837186248018648,0.8171475839340299,0.0,0.0,-0.3837186248018648,-0.8171475839340299,0.5128808225796915,-0.9989845454692841,0.35096637851592494,-0.9263372942751655,0.5128808225796915,-0.9989845454692841
0.24895958349790237,0.39554347810325496,0.0,0.0,-0.24895958349790237,-0.39554347810325496,1.0220119552305145,-1.5982060432434082,0.9430996458228301,-1.5489322328548782,1.0220119552305145,-1.5982060432434082
0.5467371433324997,1.4665883325083118,0.0,0.0,-0.5467371433324997,-1.4665883325083118,0.2672151986811144,-0.5111833065748215,0.027795589287818594,-0.4366657821474423,0.2672151986811144,-0.5111833065748215
0.2566335652905261,0.41458878040277775,0.0,0.0,-0.2566335652905261,-0.41458878040277775,1.0007155626654785,-1.5881041288375854,0.9159369843750911,-1.5360936319170901,1.0007155626654785,-1.5881041288375854
0.9151007005533605,-0.9151007005533605,0.0,0.0,-0.9151007005533605,0.9151007005533605,3.0,3.0,1.8291322825490774,1.8291322825490774,3.0,3.0
0.3948846012876075,0.8600043596294018,0.0,0.0,-0.3948846012876075,-0.8600043596294018,0.4207037845212136,-0.8287679851055145,0.2744815220488623,-0.7649868003904662,0.4207037845212136,-0.8287679851055145
0.409617492282928,0.9179223800520011,0.0,0.0,-0.409617492282928,-0.9179223800520011,0.4499181182401956,-0.8973782658576965,0.27331257172181866,-0.8231410576408895,0.4499181182401956,-0.8973782658576965
0.9151007005533605,-0.9151007005533605,0.0,0.0,-0.9151007005533605,0.9151007005533605,3.0,3.0,1.8291322825490774,1.8291322825490774,3.0,3.0
-0.2365549895531399,-0.17407040169811241,0.0,0.0,0.2365549895531399,0.17407040169811241,-1.7209932066891545,2.328755021095276,-1.6730654343331863,2.2935627914593346,-1.7209932066891545,2.328755021095276
0.13310179061386787,0.1670577089752051,0.0,0.0,-0.13310179061386787,-0.1670577089752051,-3.0,2.39429407844007,-2.9734650793080473,2.3609613956855786,-3.0,2.39429407844007
0.1920414641073078,0.270619479654276,0.0,0.0,-0.1920414641073078,-0.270619479654276,-2.5586766600608826,1.8268064399190522,-2.511639587025929,1.7603206904723878,-2.5586766600608826,1.8268064399190522
0.18394153035631325,0.2549746670845633,0.0,0.0,-0.18394153035631325,-0.2549746670845633,-2.636398136615753,1.9118681552035814,-2.5919231593439225,1.850056856443582,-2.636398136615753,1.9118681552035814
0.1679675564880744,0.2255096351884239,0.0,0.0,-0.1679675564880744,-0.2255096351884239,-3.0,2.2429765797000893,-2.9577797538039645,2.1861850354203214,-3.0,2.2429765797000893
0.19792329430258018,0.2822901927521488,0.0,0.0,-0.19792329430258018,-0.2822901927521488,-1.883774757385254,1.3297631419948444,-1.8469979017398592,1.2771311311989741,-1.883774757385254,1.3297631419948444
0.9151007005533605,-0.9151007005533605,0.0,0.0,-0.9151007005533605,0.9151007005533605,-3.0,-3.0,-1.8291322825490774,-1.8291322825490774,-3.0,-3.0
-1.4954681566907582,-0.5547100619205824,0.0,0.0,1.4954681566907582,0.5547100619205824,0.4941505193710327,-0.26100769893037146,0.4200542230945137,-0.019642643554306366,0.4941505193710327,-0.26100769893037146
-0.8085499587157378,-0.3814468175895357,0.0,0.0,0.8085499587157378,0.3814468175895357,0.7527617812156677,-0.38743407243359973,0.6986585408854338,-0.26754180603349137,0.7527617812156677,-0.38743407243359973
0.9151007005533605,-0.9151007005533605,0.0,0.0,-0.9151007005533605,0.9151007005533605,-3.0,-3.0,-1.8291322825490774,-1.8291322825490774,-3.0,-3.0
0.528262102518653,1.3974679096499296,0.0,0.0,-0.528262102518653,-1.3974679096499296,-0.45164188742637634,0.23110530013979574,-0.3900760219491637,0.03985684601583398,-0.45164188742637634,0.23110530013979574
-0.6628799634936337,-0.3408523676840916,0.0,0.0,0.6628799634936337,0.3408523676840916,1.0654522776603699,-0.5787727091779317,1.004156882145984,-0.45620207899420695,1.0654522776603699,-0.5787727091779317
0.4879608007123824,1.2380574936871611,0.0,0.0,-0.4879608007123824,-1.2380574936871611,-0.6036204993724823,0.29941532009993155,-0.5331723875523723,0.09779888289830603,-0.6036204993724823,0.29941532009993155
0.9151007005533605,-0.9151007005533605,0.0,0.0,-0.9151007005533605,0.9151007005533605,-3.0,-3.0,-1.8291322825490774,-1.8291322825490774,-3.0,-3.0
0.9151007005533605,-0.9151007005533605,0.0,0.0,-0.9151007005533605,0.9151007005533605,-3.0,-3.0,-1.8291322825490774,-1.8291322825490774,-3.0,-3.0
0.4957117082845294,1.2694327681159197,0.0,0.0,-0.4957117082845294,-1.2694327681159197,-0.6318360865116119,0.31472143394811675,-0.5557822314324377,0.0934164308035224,-0.6318360865116119,0.31472143394811675
0.3310452470427686,0.6301443596384498,0.0,0.0,-0.3310452470427686,-0.6301443596384498,-1.2520996034145355,0.6906477545424876,-1.1841145037258032,0.5580036396991944,-1.2520996034145355,0.6906477545424876
0.9151007005533605,-0.9151007005533605,0.0,0.0,-0.9151007005533605,0.9151007005533605,-3.0,-3.0,-1.8291322825490774,-1.8291322825490774,-3.0,-3.0
-0.26417690516338466,-0.18873642101567967,0.0,0.0,0.26417690516338466,0.18873642101567967,0.7178896218538284,-0.5158226875837191,0.7051414020097905,-0.49792763800475187,0.7178896218538284,-0.5158226875837191
0.9151007005533605,-0.9151007005533605,0.0,0.0,-0.9151007005533605,0.9151007005533605,3.0,3.0,1.8291322825490774,1.8291322825490774,3.0,3.0
0.9151007005533605,-0.9151007005533605,0.0,0.0,-0.9151007005533605,0.9151007005533605,2.8321330547332764,2.8321330547332764,1.7267819996289893,1.7267819996289893,2.8321330547332764,2.8321330547332764
0.3126617454917316,0.5715067474215112,0.0,0.0,-0.3126617454917316,-0.5715067474215112,0.7731957607005429,-1.3596614599227905,0.6503248491154173,-1.293742636930187,0.7731957607005429,-1.3596614599227905
0.9151007005533605,-0.9151007005533605,0.0,0.0,-0.9151007005533605,0.9151007005533605,2.2692005038261414,2.2692005038261414,1.383555965708342,1.383555965708342,2.2692005038261414,2.2692005038261414
0.9151007005533605,-0.9151007005533605,0.0,0.0,-0.9151007005533605,0.9151007005533605,2.8095969557762146,2.8095969557762146,1.7130414975872954,1.7130414975872954,2.8095969557762146,2.8095969557762146
0.9151007005533605,-0.9151007005533605,0.0,0.0,-0.9151007005533605,0.9151007005533605,3.0,3.0,1.8291322825490774,1.8291322825490774,3.0,3.0
0.5441914050607347,1.4572422697354555,0.0,0.0,-0.5441914050607347,-1.4572422697354555,0.2684396264296799,-0.5151577144861221,0.03041694152154862,-0.4407412257644888,0.2684396264296799,-0.5151577144861221
0.9151007005533605,-0.9151007005533605,0.0,0.0,-0.9151007005533605,0.9151007005533605,1.5612759590148926,1.5612759590148926,0.9519267528673034,0.9519267528673034,1.5612759590148926,1.5612759590148926
-1.2374676509033842,-0.487815681079117,0.0,0.0,1.2374676509033842,0.487815681079117,-0.22703485717395763,0.4577334523200989,-0.07428360205536169,0.4043428502338037,-0.22703485717395763,0.4577334523200989
0.00447228386187749,0.004503268105057829,0.0,0.0,-0.00447228386187749,-0.004503268105057829,-2.94185471534729,2.9216137414690695,-2.941825294903224,2.9215841171977663,-2.94185471534729,2.9216137414690695
0.1679675564880744,0.2255096351884239,0.0,0.0,-0.1679675564880744,-0.2255096351884239,-3.0,2.2429765797000893,-2.9577797538039645,2.1861850354203214,-3.0,2.2429765797000893
0.12061724640643387,0.1478993737167446,0.0,0.0,-0.12061724640643387,-0.1478993737167446,-2.8040916323661804,2.28963456772333,-2.7837186582815465,2.2646381917366813,-2.8040916323661804,2.28963456772333
0.14521195200679163,0.18650231087941824,0.0,0.0,-0.14521195200679163,-0.18650231087941824,-2.9146732091903687,2.274580227180026,-2.8839970261916625,2.2351362689081435,-2.9146732091903687,2.274580227180026
0.4705567201579353,1.1668411588812875,0.0,0.0,-0.4705567201579353,-1.1668411588812875,-0.7000659853219986,0.34518001945792715,-0.6239800271577431,0.13567585017198908,-0.7000659853219986,0.34518001945792715
0.9151007005533605,-0.9151007005533605,0.0,0.0,-0.9151007005533605,0.9151007005533605,-3.0,-3.0,-1.8291322825490774,-1.8291322825490774,-3.0,-3.0
0.9151007005533605,-0.9151007005533605,0.0,0.0,-0.9151007005533605,0.9151007005533605,-2.1061719059944153,-2.1061719059944153,-1.2841556752841017,-1.2841556752841017,-2.1061719059944153,-2.1061719059944153
0.9151007005533605,-0.9151007005533605,0.0,0.0,-0.9151007005533605,0.9151007005533605,-3.0,-3.0,-1.8291322825490774,-1.8291322825490774,-3.0,-3.0
0.9151007005533605,-0.9151007005533605,0.0,0.0,-0.9151007005533605,0.9151007005533605,-3.0,-3.0,-1.8291322825490774,-1.8291322825490774,-3.0,-3.0
0.48379232919877996,1.2210834040615568,0.0,0.0,-0.48379232919877996,-1.2210834040615568,-0.663351371884346,0.32843054289927504,-0.5872233973381044,0.11252953971990567,-0.663351371884346,0.32843054289927504
0.2416507082815639,0.37791947193791126,0.0,0.0,-0.2416507082815639,-0.37791947193791126,-1.9235431551933289,1.2475077544672226,-1.8676532122639589,1.1594765408772312,-1.9235431551933289,1.2475077544672226
0.18414219068523532,0.25535637837322595,0.0,0.0,-0.18414219068523532,-0.25535637837322595,-2.686543107032776,1.9474817364037411,-2.641123549626394,1.8843314071765445,-2.686543107032776,1.9474817364037411
0.10711852537435985,0.12813911696635974,0.0,0.0,-0.10711852537435985,-0.12813911696635974,-2.7696422338485718,2.3172069071969266,-2.753767460370755,2.2982090794878167,-2.7696422338485718,2.3172069071969266
-0.02118124256727505,-0.02051289535328458,0.0,0.0,0.02118124256727505,0.02051289535328458,-2.905352303159951,3.0,-2.9047005915807653,2.999368853817885,-2.905352303159951,3.0
-0.020746796279984468,-0.02010516583799589,0.0,0.0,0.020746796279984468,0.02010516583799589,-2.781288789411917,2.8700374960899353,-2.7806902364327484,2.8694574556605983,-2.781288789411917,2.8700374960899353
0.08946412972171404,0.10369190753455079,0.0,0.0,-0.08946412972171404,-0.10369190753455079,-3.0,2.589550452747177,-2.988002259766459,2.5756414835323205,-3.0,2.589550452747177
0.11659382224045724,0.14190860879960937,0.0,0.0,-0.11659382224045724,-0.14190860879960937,-2.972072124481201,2.4445579722854522,-2.951893647439202,2.4199849322956695,-2.972072124481201,2.4445579722854522
0.1413918827860566,0.1802740963658739,0.0,0.0,-0.1413918827860566,-0.1802740963658739,-3.0,2.3578669013413966,-2.9700624282748045,2.3196566884543293,-3.0,2.3578669013413966
0.18567172072718083,0.2582756575595349,0.0,0.0,-0.18567172072718083,-0.2582756575595349,-2.3298863768577576,1.6839841134252702,-2.2898413806314766,1.628129452363537,-2.3298863768577576,1.6839841134252702
0.0852985485710054,0.09814163300121881,0.0,0.0,-0.0852985485710054,-0.09814163300121881,-3.0,2.6084363317151933,-2.9890928520481705,2.5958844686883276,-3.0,2.6084363317151933
0.11198279252713389,0.13514923946218083,0.0,0.0,-0.11198279252713389,-0.13514923946218083,-2.798121750354767,2.320700642347136,-2.7805956494437174,2.299538716196645,-2.798121750354767,2.320700642347136
0.10731808002630491,0.12842430714819497,0.0,0.0,-0.10731808002630491,-0.12842430714819497,-2.744936943054199,2.295717898440923,-2.7291451550600785,2.2768124923379567,-2.744936943054199,2.295717898440923
0.15930853341516618,0.2102708496942184,0.0,0.0,-0.15930853341516618,-0.2102708496942184,-2.894101917743683,2.1995825193415213,-2.8574545145806165,2.151135433207839,-2.894101917743683,2.1995825193415213
0.14397537277021352,0.18447649979822756,0.0,0.0,-0.14397537277021352,-0.18447649979822756,-2.7987788915634155,2.189174563319088,-2.769821150285986,2.152029551236219,-2.7987788915634155,2.189174563319088
0.217548791374988,0.32321068666544944,0.0,0.0,-0.217548791374988,-0.32321068666544944,-2.196495473384857,1.4926504759611592,-2.144722852349719,1.4153618590939987,-2.196495473384857,1.4926504759611592
-0.09027857081291699,-0.07929195564039325,0.0,0.0,0.09027857081291699,0.07929195564039325,-2.63572819692262,3.0,-2.6249946071966157,2.9905741187535133,-2.63572819692262,3.0
-0.2099931318645563,-0.1591480655142975,0.0,0.0,0.2099931318645563,0.1591480655142975,-2.2807581150051686,3.0,-2.23065521086212,2.962087961317894,-2.2807581150051686,3.0
-0.22971907351837953,-0.17031014008795167,0.0,0.0,0.22971907351837953,0.17031014008795167,-2.120682928682497,2.849098026752472,-2.0649734396158625,2.807877986729199,-2.120682928682497,2.849098026752472
-0.2737109163108132,-0.19361254284698756,0.0,0.0,0.2737109163108132,0.19361254284698756,-1.8034640579428374,2.5336493253707886,-1.7363291067600413,2.4863095267167217,-1.8034640579428374,2.5336493253707886
0.9151007005533605,-0.9151007005533605,0.0,0.0,-0.9151007005533605,0.9151007005533605,2.808750629425049,2.808750629425049,1.7125254833037988,1.7125254833037988,2.808750629425049,2.808750629425049
0.0,0.0,0.0,0.0,0.0,0.0,-0.0,0.0,-0.0,0.0,-0.0,0.0
0.0,0.0,0.0,0.0,0.0,0.0,-0.0,0.0,-0.0,0.0,-0.0,0.0
0.0,0.0,0.0,0.0,0.0,0.0,-0.0,0.0,-0.0,0.0,-0.0,0.0
0.0,0.0,0.0,0.0,0.0,0.0,-0.0,0.0,-0.0,0.0,-0.0,0.0
0.0,0.0,0.0,0.0,0.0,0.0,-0.0,0.0,-0.0,0.0,-0.0,0.0
0.0,0.0,0.0,0.0,0.0,0.0,-0.0,0.0,-0.0,0.0,-0.0,0.0
0.0,0.0,0.0,0.0,0.0,0.0,-0.0,0.0,-0.0,0.0,-0.0,0.0
0.0,0.0,0.0,0.0,0.0,0.0,-0.0,0.0,-0.0,0.0,-0.0,0.0
0.0,0.0,0.0,0.0,0.0,0.0,-0.0,0.0,-0.0,0.0,-0.0,0.0
0.0,0.0,0.0,0.0,0.0,0.0,-0.0,0.0,-0.0,0.0,-0.0,0.0
0.0,0.0,0.0,0.0,0.0,0.0,-0.0,0.0,-0.0,0.0,-0.0,0.0
0.0,0.0,0.0,0.0,0.0,0.0,-0.0,0.0,-0.0,0.0,-0.0,0.0
0.0,0.0,0.0,0.0,0.0,0.0,-0.0,0.0,-0.0,0.0,-0.0,0.0
0.0,0.0,0.0,0.0,0.0,0.0,-0.0,0.0,-0.0,0.0,-0.0,0.0
0.0,0.0,0.0,0.0,0.0,0.0,-0.0,0.0,-0.0,0.0,-0.0,0.0
0.0,0.0,0.0,0.0,0.0,0.0,-0.0,0.0,-0.0,0.0,-0.0,0.0
0.0,0.0,0.0,0.0,0.0,0.0,-0.0,0.0,-0.0,0.0,-0.0,0.0
0.0,0.0,0.0,0.0,0.0,0.0,-0.0,0.0,-0.0,0.0,-0.0,0.0
0.0,0.0,0.0,0.0,0.0,0.0,-0.0,0.0,-0.0,0.0,-0.0,0.0
0.0,0.0,0.0,0.0,0.0,0.0,-0.0,0.0,-0.0,0.0,-0.0,0.0
0.0,0.0,0.0,0.0,0.0,0.0,-0.0,0.0,-0.0,0.0,-0.0,0.0
0.0,0.0,0.0,0.0,0.0,0.0,-0.0,0.0,-0.0,0.0,-0.0,0.0
0.0,0.0,0.0,0.0,0.0,0.0,-0.0,0.0,-0.0,0.0,-0.0,0.0
0.0,0.0,0.0,0.0,0.0,0.0,-0.0,0.0,-0.0,0.0,-0.0,0.0
